Fitter report for banco_de_registadores_top
Mon Aug 31 14:04:24 2026
Quartus II 64-Bit Version 13.0.1 Build 232 06/12/2013 Service Pack 1 SJ Web Edition


---------------------
; Table of Contents ;
---------------------
  1. Legal Notice
  2. Fitter Summary
  3. Fitter Settings
  4. Parallel Compilation
  5. I/O Assignment Warnings
  6. Incremental Compilation Preservation Summary
  7. Incremental Compilation Partition Settings
  8. Incremental Compilation Placement Preservation
  9. Pin-Out File
 10. Fitter Resource Usage Summary
 11. Fitter Partition Statistics
 12. Input Pins
 13. Output Pins
 14. Dual Purpose and Dedicated Pins
 15. I/O Bank Usage
 16. All Package Pins
 17. Fitter Resource Utilization by Entity
 18. Delay Chain Summary
 19. Pad To Core Delay Chain Fanout
 20. Control Signals
 21. Global & Other Fast Signals
 22. Non-Global High Fan-Out Signals
 23. Other Routing Usage Summary
 24. LAB Logic Elements
 25. LAB-wide Signals
 26. LAB Signals Sourced
 27. LAB Signals Sourced Out
 28. LAB Distinct Inputs
 29. I/O Rules Summary
 30. I/O Rules Details
 31. I/O Rules Matrix
 32. Fitter Device Options
 33. Operating Settings and Conditions
 34. Fitter Messages
 35. Fitter Suppressed Messages



----------------
; Legal Notice ;
----------------
Copyright (C) 1991-2013 Altera Corporation
Your use of Altera Corporation's design tools, logic functions 
and other software and tools, and its AMPP partner logic 
functions, and any output files from any of the foregoing 
(including device programming or simulation files), and any 
associated documentation or information are expressly subject 
to the terms and conditions of the Altera Program License 
Subscription Agreement, Altera MegaCore Function License 
Agreement, or other applicable license agreement, including, 
without limitation, that your use is for the sole purpose of 
programming logic devices manufactured by Altera and sold by 
Altera or its authorized distributors.  Please refer to the 
applicable agreement for further details.



+--------------------------------------------------------------------------------------+
; Fitter Summary                                                                       ;
+------------------------------------+-------------------------------------------------+
; Fitter Status                      ; Successful - Mon Aug 31 14:04:24 2026           ;
; Quartus II 64-Bit Version          ; 13.0.1 Build 232 06/12/2013 SP 1 SJ Web Edition ;
; Revision Name                      ; banco_de_registadores_top                       ;
; Top-level Entity Name              ; banco_de_registadores_top                       ;
; Family                             ; Cyclone IV GX                                   ;
; Device                             ; EP4CGX22CF19C6                                  ;
; Timing Models                      ; Final                                           ;
; Total logic elements               ; 192 / 21,280 ( < 1 % )                          ;
;     Total combinational functions  ; 192 / 21,280 ( < 1 % )                          ;
;     Dedicated logic registers      ; 128 / 21,280 ( < 1 % )                          ;
; Total registers                    ; 128                                             ;
; Total pins                         ; 55 / 167 ( 33 % )                               ;
; Total virtual pins                 ; 0                                               ;
; Total memory bits                  ; 0 / 774,144 ( 0 % )                             ;
; Embedded Multiplier 9-bit elements ; 0 / 80 ( 0 % )                                  ;
; Total GXB Receiver Channel PCS     ; 0 / 4 ( 0 % )                                   ;
; Total GXB Receiver Channel PMA     ; 0 / 4 ( 0 % )                                   ;
; Total GXB Transmitter Channel PCS  ; 0 / 4 ( 0 % )                                   ;
; Total GXB Transmitter Channel PMA  ; 0 / 4 ( 0 % )                                   ;
; Total PLLs                         ; 0 / 4 ( 0 % )                                   ;
+------------------------------------+-------------------------------------------------+


+------------------------------------------------------------------------------------------------------------------------------------------------------------+
; Fitter Settings                                                                                                                                            ;
+----------------------------------------------------------------------------+---------------------------------------+---------------------------------------+
; Option                                                                     ; Setting                               ; Default Value                         ;
+----------------------------------------------------------------------------+---------------------------------------+---------------------------------------+
; Device                                                                     ; auto                                  ;                                       ;
; Fit Attempts to Skip                                                       ; 0                                     ; 0.0                                   ;
; Use smart compilation                                                      ; Off                                   ; Off                                   ;
; Enable parallel Assembler and TimeQuest Timing Analyzer during compilation ; On                                    ; On                                    ;
; Enable compact report table                                                ; Off                                   ; Off                                   ;
; Auto Merge PLLs                                                            ; On                                    ; On                                    ;
; Router Timing Optimization Level                                           ; Normal                                ; Normal                                ;
; Perform Clocking Topology Analysis During Routing                          ; Off                                   ; Off                                   ;
; Placement Effort Multiplier                                                ; 1.0                                   ; 1.0                                   ;
; Router Effort Multiplier                                                   ; 1.0                                   ; 1.0                                   ;
; Optimize Hold Timing                                                       ; All Paths                             ; All Paths                             ;
; Optimize Multi-Corner Timing                                               ; On                                    ; On                                    ;
; PowerPlay Power Optimization                                               ; Normal compilation                    ; Normal compilation                    ;
; SSN Optimization                                                           ; Off                                   ; Off                                   ;
; Optimize Timing                                                            ; Normal compilation                    ; Normal compilation                    ;
; Optimize Timing for ECOs                                                   ; Off                                   ; Off                                   ;
; Regenerate full fit report during ECO compiles                             ; Off                                   ; Off                                   ;
; Optimize IOC Register Placement for Timing                                 ; Normal                                ; Normal                                ;
; Limit to One Fitting Attempt                                               ; Off                                   ; Off                                   ;
; Final Placement Optimizations                                              ; Automatically                         ; Automatically                         ;
; Fitter Aggressive Routability Optimizations                                ; Automatically                         ; Automatically                         ;
; Fitter Initial Placement Seed                                              ; 1                                     ; 1                                     ;
; PCI I/O                                                                    ; Off                                   ; Off                                   ;
; Weak Pull-Up Resistor                                                      ; Off                                   ; Off                                   ;
; Enable Bus-Hold Circuitry                                                  ; Off                                   ; Off                                   ;
; Auto Packed Registers                                                      ; Auto                                  ; Auto                                  ;
; Auto Delay Chains                                                          ; On                                    ; On                                    ;
; Auto Delay Chains for High Fanout Input Pins                               ; Off                                   ; Off                                   ;
; Allow Single-ended Buffer for Differential-XSTL Input                      ; Off                                   ; Off                                   ;
; Treat Bidirectional Pin as Output Pin                                      ; Off                                   ; Off                                   ;
; Perform Physical Synthesis for Combinational Logic for Fitting             ; Off                                   ; Off                                   ;
; Perform Physical Synthesis for Combinational Logic for Performance         ; Off                                   ; Off                                   ;
; Perform Register Duplication for Performance                               ; Off                                   ; Off                                   ;
; Perform Logic to Memory Mapping for Fitting                                ; Off                                   ; Off                                   ;
; Perform Register Retiming for Performance                                  ; Off                                   ; Off                                   ;
; Perform Asynchronous Signal Pipelining                                     ; Off                                   ; Off                                   ;
; Fitter Effort                                                              ; Auto Fit                              ; Auto Fit                              ;
; Physical Synthesis Effort Level                                            ; Normal                                ; Normal                                ;
; Logic Cell Insertion - Logic Duplication                                   ; Auto                                  ; Auto                                  ;
; Auto Register Duplication                                                  ; Auto                                  ; Auto                                  ;
; Auto Global Clock                                                          ; On                                    ; On                                    ;
; Auto Global Register Control Signals                                       ; On                                    ; On                                    ;
; Generate GXB Reconfig MIF                                                  ; Off                                   ; Off                                   ;
; Reserve all unused pins                                                    ; As input tri-stated with weak pull-up ; As input tri-stated with weak pull-up ;
; Synchronizer Identification                                                ; Auto                                  ; Auto                                  ;
; Enable Beneficial Skew Optimization                                        ; On                                    ; On                                    ;
; Optimize Design for Metastability                                          ; On                                    ; On                                    ;
; Active Serial clock source                                                 ; FREQ_40MHz                            ; FREQ_40MHz                            ;
; Force Fitter to Avoid Periphery Placement Warnings                         ; Off                                   ; Off                                   ;
; Enable input tri-state on active configuration pins in user mode           ; Off                                   ; Off                                   ;
+----------------------------------------------------------------------------+---------------------------------------+---------------------------------------+


Parallel compilation was disabled, but you have multiple processors available. Enable parallel compilation to reduce compilation time.
+-------------------------------------+
; Parallel Compilation                ;
+----------------------------+--------+
; Processors                 ; Number ;
+----------------------------+--------+
; Number detected on machine ; 12     ;
; Maximum allowed            ; 1      ;
+----------------------------+--------+


+---------------------------------------------+
; I/O Assignment Warnings                     ;
+-------------+-------------------------------+
; Pin Name    ; Reason                        ;
+-------------+-------------------------------+
; r_data_a[7] ; Incomplete set of assignments ;
; r_data_a[6] ; Incomplete set of assignments ;
; r_data_a[5] ; Incomplete set of assignments ;
; r_data_a[4] ; Incomplete set of assignments ;
; r_data_a[3] ; Incomplete set of assignments ;
; r_data_a[2] ; Incomplete set of assignments ;
; r_data_a[1] ; Incomplete set of assignments ;
; r_data_a[0] ; Incomplete set of assignments ;
; we_dec[15]  ; Incomplete set of assignments ;
; we_dec[14]  ; Incomplete set of assignments ;
; we_dec[13]  ; Incomplete set of assignments ;
; we_dec[12]  ; Incomplete set of assignments ;
; we_dec[11]  ; Incomplete set of assignments ;
; we_dec[10]  ; Incomplete set of assignments ;
; we_dec[9]   ; Incomplete set of assignments ;
; we_dec[8]   ; Incomplete set of assignments ;
; we_dec[7]   ; Incomplete set of assignments ;
; we_dec[6]   ; Incomplete set of assignments ;
; we_dec[5]   ; Incomplete set of assignments ;
; we_dec[4]   ; Incomplete set of assignments ;
; we_dec[3]   ; Incomplete set of assignments ;
; we_dec[2]   ; Incomplete set of assignments ;
; we_dec[1]   ; Incomplete set of assignments ;
; we_dec[0]   ; Incomplete set of assignments ;
; r_data_b[7] ; Incomplete set of assignments ;
; r_data_b[6] ; Incomplete set of assignments ;
; r_data_b[5] ; Incomplete set of assignments ;
; r_data_b[4] ; Incomplete set of assignments ;
; r_data_b[3] ; Incomplete set of assignments ;
; r_data_b[2] ; Incomplete set of assignments ;
; r_data_b[1] ; Incomplete set of assignments ;
; r_data_b[0] ; Incomplete set of assignments ;
; r_addr_a[1] ; Incomplete set of assignments ;
; r_addr_a[0] ; Incomplete set of assignments ;
; r_addr_a[3] ; Incomplete set of assignments ;
; r_addr_a[2] ; Incomplete set of assignments ;
; we          ; Incomplete set of assignments ;
; w_addr[0]   ; Incomplete set of assignments ;
; w_addr[1]   ; Incomplete set of assignments ;
; w_addr[2]   ; Incomplete set of assignments ;
; w_addr[3]   ; Incomplete set of assignments ;
; r_addr_b[1] ; Incomplete set of assignments ;
; r_addr_b[0] ; Incomplete set of assignments ;
; r_addr_b[3] ; Incomplete set of assignments ;
; r_addr_b[2] ; Incomplete set of assignments ;
; w_data[7]   ; Incomplete set of assignments ;
; clk         ; Incomplete set of assignments ;
; rst_n       ; Incomplete set of assignments ;
; w_data[6]   ; Incomplete set of assignments ;
; w_data[5]   ; Incomplete set of assignments ;
; w_data[4]   ; Incomplete set of assignments ;
; w_data[3]   ; Incomplete set of assignments ;
; w_data[2]   ; Incomplete set of assignments ;
; w_data[1]   ; Incomplete set of assignments ;
; w_data[0]   ; Incomplete set of assignments ;
+-------------+-------------------------------+


+----------------------------------------------+
; Incremental Compilation Preservation Summary ;
+---------------------+------------------------+
; Type                ; Value                  ;
+---------------------+------------------------+
; Placement (by node) ;                        ;
;     -- Requested    ; 0 / 443 ( 0.00 % )     ;
;     -- Achieved     ; 0 / 443 ( 0.00 % )     ;
;                     ;                        ;
; Routing (by net)    ;                        ;
;     -- Requested    ; 0 / 0 ( 0.00 % )       ;
;     -- Achieved     ; 0 / 0 ( 0.00 % )       ;
+---------------------+------------------------+


+----------------------------------------------------------------------------------------------------------------------------------------------------------------------------------------+
; Incremental Compilation Partition Settings                                                                                                                                             ;
+--------------------------------+----------------+-------------------+-------------------------+------------------------+------------------------------+--------------------------------+
; Partition Name                 ; Partition Type ; Netlist Type Used ; Preservation Level Used ; Netlist Type Requested ; Preservation Level Requested ; Contents                       ;
+--------------------------------+----------------+-------------------+-------------------------+------------------------+------------------------------+--------------------------------+
; Top                            ; User-created   ; Source File       ; N/A                     ; Source File            ; N/A                          ;                                ;
; hard_block:auto_generated_inst ; Auto-generated ; Source File       ; N/A                     ; Source File            ; N/A                          ; hard_block:auto_generated_inst ;
+--------------------------------+----------------+-------------------+-------------------------+------------------------+------------------------------+--------------------------------+


+------------------------------------------------------------------------------------------------------------+
; Incremental Compilation Placement Preservation                                                             ;
+--------------------------------+---------+-------------------+-------------------------+-------------------+
; Partition Name                 ; # Nodes ; # Preserved Nodes ; Preservation Level Used ; Netlist Type Used ;
+--------------------------------+---------+-------------------+-------------------------+-------------------+
; Top                            ; 433     ; 0                 ; N/A                     ; Source File       ;
; hard_block:auto_generated_inst ; 10      ; 0                 ; N/A                     ; Source File       ;
+--------------------------------+---------+-------------------+-------------------------+-------------------+


+--------------+
; Pin-Out File ;
+--------------+
The pin-out file can be found in C:/altera/13.0sp1/Banco de Registradores/output_files/banco_de_registadores_top.pin.


+----------------------------------------------------------------------+
; Fitter Resource Usage Summary                                        ;
+---------------------------------------------+------------------------+
; Resource                                    ; Usage                  ;
+---------------------------------------------+------------------------+
; Total logic elements                        ; 192 / 21,280 ( < 1 % ) ;
;     -- Combinational with no register       ; 64                     ;
;     -- Register only                        ; 0                      ;
;     -- Combinational with a register        ; 128                    ;
;                                             ;                        ;
; Logic element usage by number of LUT inputs ;                        ;
;     -- 4 input functions                    ; 176                    ;
;     -- 3 input functions                    ; 0                      ;
;     -- <=2 input functions                  ; 16                     ;
;     -- Register only                        ; 0                      ;
;                                             ;                        ;
; Logic elements by mode                      ;                        ;
;     -- normal mode                          ; 192                    ;
;     -- arithmetic mode                      ; 0                      ;
;                                             ;                        ;
; Total registers*                            ; 128 / 22,031 ( < 1 % ) ;
;     -- Dedicated logic registers            ; 128 / 21,280 ( < 1 % ) ;
;     -- I/O registers                        ; 0 / 751 ( 0 % )        ;
;                                             ;                        ;
; Total LABs:  partially or completely used   ; 16 / 1,330 ( 1 % )     ;
; Virtual pins                                ; 0                      ;
; I/O pins                                    ; 55 / 167 ( 33 % )      ;
;     -- Clock pins                           ; 1 / 6 ( 17 % )         ;
;     -- Dedicated input pins                 ; 0 / 16 ( 0 % )         ;
;                                             ;                        ;
; Global signals                              ; 2                      ;
; M9Ks                                        ; 0 / 84 ( 0 % )         ;
; Total block memory bits                     ; 0 / 774,144 ( 0 % )    ;
; Total block memory implementation bits      ; 0 / 774,144 ( 0 % )    ;
; Embedded Multiplier 9-bit elements          ; 0 / 80 ( 0 % )         ;
; PLLs                                        ; 0 / 4 ( 0 % )          ;
; Global clocks                               ; 2 / 20 ( 10 % )        ;
; JTAGs                                       ; 0 / 1 ( 0 % )          ;
; CRC blocks                                  ; 0 / 1 ( 0 % )          ;
; ASMI blocks                                 ; 0 / 1 ( 0 % )          ;
; GXB Receiver channel PCSs                   ; 0 / 4 ( 0 % )          ;
; GXB Receiver channel PMAs                   ; 0 / 4 ( 0 % )          ;
; GXB Transmitter channel PCSs                ; 0 / 4 ( 0 % )          ;
; GXB Transmitter channel PMAs                ; 0 / 4 ( 0 % )          ;
; Impedance control blocks                    ; 0 / 3 ( 0 % )          ;
; Average interconnect usage (total/H/V)      ; 0% / 0% / 0%           ;
; Peak interconnect usage (total/H/V)         ; 5% / 4% / 6%           ;
; Maximum fan-out                             ; 128                    ;
; Highest non-global fan-out                  ; 30                     ;
; Total fan-out                               ; 1342                   ;
; Average fan-out                             ; 3.04                   ;
+---------------------------------------------+------------------------+
*  Register count does not include registers inside RAM blocks or DSP blocks.



+------------------------------------------------------------------------------------------------------+
; Fitter Partition Statistics                                                                          ;
+---------------------------------------------+-----------------------+--------------------------------+
; Statistic                                   ; Top                   ; hard_block:auto_generated_inst ;
+---------------------------------------------+-----------------------+--------------------------------+
; Difficulty Clustering Region                ; Low                   ; Low                            ;
;                                             ;                       ;                                ;
; Total logic elements                        ; 192 / 21280 ( < 1 % ) ; 0 / 21280 ( 0 % )              ;
;     -- Combinational with no register       ; 64                    ; 0                              ;
;     -- Register only                        ; 0                     ; 0                              ;
;     -- Combinational with a register        ; 128                   ; 0                              ;
;                                             ;                       ;                                ;
; Logic element usage by number of LUT inputs ;                       ;                                ;
;     -- 4 input functions                    ; 176                   ; 0                              ;
;     -- 3 input functions                    ; 0                     ; 0                              ;
;     -- <=2 input functions                  ; 16                    ; 0                              ;
;     -- Register only                        ; 0                     ; 0                              ;
;                                             ;                       ;                                ;
; Logic elements by mode                      ;                       ;                                ;
;     -- normal mode                          ; 192                   ; 0                              ;
;     -- arithmetic mode                      ; 0                     ; 0                              ;
;                                             ;                       ;                                ;
; Total registers                             ; 128                   ; 0                              ;
;     -- Dedicated logic registers            ; 128 / 21280 ( < 1 % ) ; 0 / 21280 ( 0 % )              ;
;                                             ;                       ;                                ;
; Total LABs:  partially or completely used   ; 16 / 1330 ( 1 % )     ; 0 / 1330 ( 0 % )               ;
;                                             ;                       ;                                ;
; Virtual pins                                ; 0                     ; 0                              ;
; I/O pins                                    ; 55                    ; 0                              ;
; Embedded Multiplier 9-bit elements          ; 0 / 80 ( 0 % )        ; 0 / 80 ( 0 % )                 ;
; Total memory bits                           ; 0                     ; 0                              ;
; Total RAM block bits                        ; 0                     ; 0                              ;
; Clock control block                         ; 2 / 24 ( 8 % )        ; 0 / 24 ( 0 % )                 ;
;                                             ;                       ;                                ;
; Connections                                 ;                       ;                                ;
;     -- Input Connections                    ; 0                     ; 0                              ;
;     -- Registered Input Connections         ; 0                     ; 0                              ;
;     -- Output Connections                   ; 0                     ; 0                              ;
;     -- Registered Output Connections        ; 0                     ; 0                              ;
;                                             ;                       ;                                ;
; Internal Connections                        ;                       ;                                ;
;     -- Total Connections                    ; 1337                  ; 5                              ;
;     -- Registered Connections               ; 256                   ; 0                              ;
;                                             ;                       ;                                ;
; External Connections                        ;                       ;                                ;
;     -- Top                                  ; 0                     ; 0                              ;
;     -- hard_block:auto_generated_inst       ; 0                     ; 0                              ;
;                                             ;                       ;                                ;
; Partition Interface                         ;                       ;                                ;
;     -- Input Ports                          ; 23                    ; 0                              ;
;     -- Output Ports                         ; 32                    ; 0                              ;
;     -- Bidir Ports                          ; 0                     ; 0                              ;
;                                             ;                       ;                                ;
; Registered Ports                            ;                       ;                                ;
;     -- Registered Input Ports               ; 0                     ; 0                              ;
;     -- Registered Output Ports              ; 0                     ; 0                              ;
;                                             ;                       ;                                ;
; Port Connectivity                           ;                       ;                                ;
;     -- Input Ports driven by GND            ; 0                     ; 0                              ;
;     -- Output Ports driven by GND           ; 0                     ; 0                              ;
;     -- Input Ports driven by VCC            ; 0                     ; 0                              ;
;     -- Output Ports driven by VCC           ; 0                     ; 0                              ;
;     -- Input Ports with no Source           ; 0                     ; 0                              ;
;     -- Output Ports with no Source          ; 0                     ; 0                              ;
;     -- Input Ports with no Fanout           ; 0                     ; 0                              ;
;     -- Output Ports with no Fanout          ; 0                     ; 0                              ;
+---------------------------------------------+-----------------------+--------------------------------+


+------------------------------------------------------------------------------------------------------------------------------------------------------------------------------------------------------------------------------------------------------------------------------------------------+
; Input Pins                                                                                                                                                                                                                                                                                     ;
+-------------+-------+----------+--------------+--------------+--------------+-----------------------+--------------------+--------+----------------+---------------+-----------------+----------+--------------+--------------+-------------+---------------------------+----------------------+
; Name        ; Pin # ; I/O Bank ; X coordinate ; Y coordinate ; Z coordinate ; Combinational Fan-Out ; Registered Fan-Out ; Global ; Input Register ; Power Up High ; PCI I/O Enabled ; Bus Hold ; Weak Pull Up ; I/O Standard ; Termination ; Termination Control Block ; Location assigned by ;
+-------------+-------+----------+--------------+--------------+--------------+-----------------------+--------------------+--------+----------------+---------------+-----------------+----------+--------------+--------------+-------------+---------------------------+----------------------+
; clk         ; M10   ; 3A       ; 27           ; 0            ; 14           ; 128                   ; 0                  ; yes    ; no             ; no            ; yes             ; no       ; Off          ; 2.5 V        ; Off         ; --                        ; Fitter               ;
; r_addr_a[0] ; F16   ; 6        ; 52           ; 32           ; 14           ; 30                    ; 0                  ; no     ; no             ; no            ; yes             ; no       ; Off          ; 2.5 V        ; Off         ; --                        ; Fitter               ;
; r_addr_a[1] ; E18   ; 6        ; 52           ; 30           ; 7            ; 30                    ; 0                  ; no     ; no             ; no            ; yes             ; no       ; Off          ; 2.5 V        ; Off         ; --                        ; Fitter               ;
; r_addr_a[2] ; A9    ; 8        ; 16           ; 41           ; 7            ; 30                    ; 0                  ; no     ; no             ; no            ; yes             ; no       ; Off          ; 2.5 V        ; Off         ; --                        ; Fitter               ;
; r_addr_a[3] ; D10   ; 7        ; 29           ; 41           ; 0            ; 30                    ; 0                  ; no     ; no             ; no            ; yes             ; no       ; Off          ; 2.5 V        ; Off         ; --                        ; Fitter               ;
; r_addr_b[0] ; D9    ; 8        ; 18           ; 41           ; 7            ; 30                    ; 0                  ; no     ; no             ; no            ; yes             ; no       ; Off          ; 2.5 V        ; Off         ; --                        ; Fitter               ;
; r_addr_b[1] ; C11   ; 8        ; 25           ; 41           ; 7            ; 30                    ; 0                  ; no     ; no             ; no            ; yes             ; no       ; Off          ; 2.5 V        ; Off         ; --                        ; Fitter               ;
; r_addr_b[2] ; E10   ; 7        ; 29           ; 41           ; 7            ; 30                    ; 0                  ; no     ; no             ; no            ; yes             ; no       ; Off          ; 2.5 V        ; Off         ; --                        ; Fitter               ;
; r_addr_b[3] ; G16   ; 6        ; 52           ; 27           ; 0            ; 30                    ; 0                  ; no     ; no             ; no            ; yes             ; no       ; Off          ; 2.5 V        ; Off         ; --                        ; Fitter               ;
; rst_n       ; M9    ; 3A       ; 27           ; 0            ; 21           ; 128                   ; 0                  ; yes    ; no             ; no            ; yes             ; no       ; Off          ; 2.5 V        ; Off         ; --                        ; Fitter               ;
; w_addr[0]   ; D14   ; 7        ; 43           ; 41           ; 7            ; 16                    ; 0                  ; no     ; no             ; no            ; yes             ; no       ; Off          ; 2.5 V        ; Off         ; --                        ; Fitter               ;
; w_addr[1]   ; D15   ; 7        ; 46           ; 41           ; 0            ; 16                    ; 0                  ; no     ; no             ; no            ; yes             ; no       ; Off          ; 2.5 V        ; Off         ; --                        ; Fitter               ;
; w_addr[2]   ; C15   ; 7        ; 41           ; 41           ; 7            ; 16                    ; 0                  ; no     ; no             ; no            ; yes             ; no       ; Off          ; 2.5 V        ; Off         ; --                        ; Fitter               ;
; w_addr[3]   ; C14   ; 7        ; 43           ; 41           ; 0            ; 16                    ; 0                  ; no     ; no             ; no            ; yes             ; no       ; Off          ; 2.5 V        ; Off         ; --                        ; Fitter               ;
; w_data[0]   ; F17   ; 6        ; 52           ; 25           ; 0            ; 16                    ; 0                  ; no     ; no             ; no            ; yes             ; no       ; Off          ; 2.5 V        ; Off         ; --                        ; Fitter               ;
; w_data[1]   ; V13   ; 4        ; 29           ; 0            ; 0            ; 16                    ; 0                  ; no     ; no             ; no            ; yes             ; no       ; Off          ; 2.5 V        ; Off         ; --                        ; Fitter               ;
; w_data[2]   ; D12   ; 7        ; 31           ; 41           ; 7            ; 16                    ; 0                  ; no     ; no             ; no            ; yes             ; no       ; Off          ; 2.5 V        ; Off         ; --                        ; Fitter               ;
; w_data[3]   ; D11   ; 7        ; 31           ; 41           ; 0            ; 16                    ; 0                  ; no     ; no             ; no            ; yes             ; no       ; Off          ; 2.5 V        ; Off         ; --                        ; Fitter               ;
; w_data[4]   ; A10   ; 8        ; 23           ; 41           ; 0            ; 16                    ; 0                  ; no     ; no             ; no            ; yes             ; no       ; Off          ; 2.5 V        ; Off         ; --                        ; Fitter               ;
; w_data[5]   ; G18   ; 6        ; 52           ; 25           ; 7            ; 16                    ; 0                  ; no     ; no             ; no            ; yes             ; no       ; Off          ; 2.5 V        ; Off         ; --                        ; Fitter               ;
; w_data[6]   ; H16   ; 6        ; 52           ; 28           ; 0            ; 16                    ; 0                  ; no     ; no             ; no            ; yes             ; no       ; Off          ; 2.5 V        ; Off         ; --                        ; Fitter               ;
; w_data[7]   ; A8    ; 8        ; 16           ; 41           ; 0            ; 16                    ; 0                  ; no     ; no             ; no            ; yes             ; no       ; Off          ; 2.5 V        ; Off         ; --                        ; Fitter               ;
; we          ; D13   ; 7        ; 41           ; 41           ; 14           ; 16                    ; 0                  ; no     ; no             ; no            ; yes             ; no       ; Off          ; 2.5 V        ; Off         ; --                        ; Fitter               ;
+-------------+-------+----------+--------------+--------------+--------------+-----------------------+--------------------+--------+----------------+---------------+-----------------+----------+--------------+--------------+-------------+---------------------------+----------------------+


+--------------------------------------------------------------------------------------------------------------------------------------------------------------------------------------------------------------------------------------------------------------------------------------------------------------------------------------------------------------------------------------------------------------------------------------------------------------+
; Output Pins                                                                                                                                                                                                                                                                                                                                                                                                                                                  ;
+-------------+-------+----------+--------------+--------------+--------------+-----------------+------------------------+---------------+-----------+-----------------+------------+---------------+----------+--------------+--------------+------------------+-----------------------------------+---------------------------+----------------------------+-----------------------------+----------------------+----------------------+---------------------+
; Name        ; Pin # ; I/O Bank ; X coordinate ; Y coordinate ; Z coordinate ; Output Register ; Output Enable Register ; Power Up High ; Slew Rate ; PCI I/O Enabled ; Open Drain ; TRI Primitive ; Bus Hold ; Weak Pull Up ; I/O Standard ; Current Strength ; Termination                       ; Termination Control Block ; Output Buffer Pre-emphasis ; Voltage Output Differential ; Location assigned by ; Output Enable Source ; Output Enable Group ;
+-------------+-------+----------+--------------+--------------+--------------+-----------------+------------------------+---------------+-----------+-----------------+------------+---------------+----------+--------------+--------------+------------------+-----------------------------------+---------------------------+----------------------------+-----------------------------+----------------------+----------------------+---------------------+
; r_data_a[0] ; B10   ; 8        ; 21           ; 41           ; 7            ; no              ; no                     ; no            ; 2         ; no              ; no         ; no            ; no       ; Off          ; 2.5 V        ; Default          ; Series 50 Ohm without Calibration ; --                        ; no                         ; no                          ; Fitter               ; -                    ; -                   ;
; r_data_a[1] ; J16   ; 6        ; 52           ; 23           ; 0            ; no              ; no                     ; no            ; 2         ; no              ; no         ; no            ; no       ; Off          ; 2.5 V        ; Default          ; Series 50 Ohm without Calibration ; --                        ; no                         ; no                          ; Fitter               ; -                    ; -                   ;
; r_data_a[2] ; G15   ; 6        ; 52           ; 28           ; 7            ; no              ; no                     ; no            ; 2         ; no              ; no         ; no            ; no       ; Off          ; 2.5 V        ; Default          ; Series 50 Ohm without Calibration ; --                        ; no                         ; no                          ; Fitter               ; -                    ; -                   ;
; r_data_a[3] ; G17   ; 6        ; 52           ; 27           ; 7            ; no              ; no                     ; no            ; 2         ; no              ; no         ; no            ; no       ; Off          ; 2.5 V        ; Default          ; Series 50 Ohm without Calibration ; --                        ; no                         ; no                          ; Fitter               ; -                    ; -                   ;
; r_data_a[4] ; M18   ; 5        ; 52           ; 19           ; 0            ; no              ; no                     ; no            ; 2         ; no              ; no         ; no            ; no       ; Off          ; 2.5 V        ; Default          ; Series 50 Ohm without Calibration ; --                        ; no                         ; no                          ; Fitter               ; -                    ; -                   ;
; r_data_a[5] ; D18   ; 6        ; 52           ; 31           ; 7            ; no              ; no                     ; no            ; 2         ; no              ; no         ; no            ; no       ; Off          ; 2.5 V        ; Default          ; Series 50 Ohm without Calibration ; --                        ; no                         ; no                          ; Fitter               ; -                    ; -                   ;
; r_data_a[6] ; U13   ; 4        ; 29           ; 0            ; 7            ; no              ; no                     ; no            ; 2         ; no              ; no         ; no            ; no       ; Off          ; 2.5 V        ; Default          ; Series 50 Ohm without Calibration ; --                        ; no                         ; no                          ; Fitter               ; -                    ; -                   ;
; r_data_a[7] ; J17   ; 6        ; 52           ; 23           ; 7            ; no              ; no                     ; no            ; 2         ; no              ; no         ; no            ; no       ; Off          ; 2.5 V        ; Default          ; Series 50 Ohm without Calibration ; --                        ; no                         ; no                          ; Fitter               ; -                    ; -                   ;
; r_data_b[0] ; A11   ; 8        ; 23           ; 41           ; 7            ; no              ; no                     ; no            ; 2         ; no              ; no         ; no            ; no       ; Off          ; 2.5 V        ; Default          ; Series 50 Ohm without Calibration ; --                        ; no                         ; no                          ; Fitter               ; -                    ; -                   ;
; r_data_b[1] ; C8    ; 8        ; 14           ; 41           ; 7            ; no              ; no                     ; no            ; 2         ; no              ; no         ; no            ; no       ; Off          ; 2.5 V        ; Default          ; Series 50 Ohm without Calibration ; --                        ; no                         ; no                          ; Fitter               ; -                    ; -                   ;
; r_data_b[2] ; F18   ; 6        ; 52           ; 30           ; 0            ; no              ; no                     ; no            ; 2         ; no              ; no         ; no            ; no       ; Off          ; 2.5 V        ; Default          ; Series 50 Ohm without Calibration ; --                        ; no                         ; no                          ; Fitter               ; -                    ; -                   ;
; r_data_b[3] ; D17   ; 6        ; 52           ; 31           ; 0            ; no              ; no                     ; no            ; 2         ; no              ; no         ; no            ; no       ; Off          ; 2.5 V        ; Default          ; Series 50 Ohm without Calibration ; --                        ; no                         ; no                          ; Fitter               ; -                    ; -                   ;
; r_data_b[4] ; C9    ; 8        ; 18           ; 41           ; 0            ; no              ; no                     ; no            ; 2         ; no              ; no         ; no            ; no       ; Off          ; 2.5 V        ; Default          ; Series 50 Ohm without Calibration ; --                        ; no                         ; no                          ; Fitter               ; -                    ; -                   ;
; r_data_b[5] ; P10   ; 3        ; 25           ; 0            ; 7            ; no              ; no                     ; no            ; 2         ; no              ; no         ; no            ; no       ; Off          ; 2.5 V        ; Default          ; Series 50 Ohm without Calibration ; --                        ; no                         ; no                          ; Fitter               ; -                    ; -                   ;
; r_data_b[6] ; B9    ; 8        ; 21           ; 41           ; 0            ; no              ; no                     ; no            ; 2         ; no              ; no         ; no            ; no       ; Off          ; 2.5 V        ; Default          ; Series 50 Ohm without Calibration ; --                        ; no                         ; no                          ; Fitter               ; -                    ; -                   ;
; r_data_b[7] ; C10   ; 8        ; 25           ; 41           ; 0            ; no              ; no                     ; no            ; 2         ; no              ; no         ; no            ; no       ; Off          ; 2.5 V        ; Default          ; Series 50 Ohm without Calibration ; --                        ; no                         ; no                          ; Fitter               ; -                    ; -                   ;
; we_dec[0]   ; A15   ; 7        ; 34           ; 41           ; 7            ; no              ; no                     ; no            ; 2         ; no              ; no         ; no            ; no       ; Off          ; 2.5 V        ; Default          ; Series 50 Ohm without Calibration ; --                        ; no                         ; no                          ; Fitter               ; -                    ; -                   ;
; we_dec[10]  ; E15   ; 6        ; 52           ; 32           ; 7            ; no              ; no                     ; no            ; 2         ; no              ; no         ; no            ; no       ; Off          ; 2.5 V        ; Default          ; Series 50 Ohm without Calibration ; --                        ; no                         ; no                          ; Fitter               ; -                    ; -                   ;
; we_dec[11]  ; B13   ; 7        ; 31           ; 41           ; 21           ; no              ; no                     ; no            ; 2         ; no              ; no         ; no            ; no       ; Off          ; 2.5 V        ; Default          ; Series 50 Ohm without Calibration ; --                        ; no                         ; no                          ; Fitter               ; -                    ; -                   ;
; we_dec[12]  ; A16   ; 7        ; 38           ; 41           ; 0            ; no              ; no                     ; no            ; 2         ; no              ; no         ; no            ; no       ; Off          ; 2.5 V        ; Default          ; Series 50 Ohm without Calibration ; --                        ; no                         ; no                          ; Fitter               ; -                    ; -                   ;
; we_dec[13]  ; C13   ; 7        ; 36           ; 41           ; 7            ; no              ; no                     ; no            ; 2         ; no              ; no         ; no            ; no       ; Off          ; 2.5 V        ; Default          ; Series 50 Ohm without Calibration ; --                        ; no                         ; no                          ; Fitter               ; -                    ; -                   ;
; we_dec[14]  ; B16   ; 7        ; 38           ; 41           ; 7            ; no              ; no                     ; no            ; 2         ; no              ; no         ; no            ; no       ; Off          ; 2.5 V        ; Default          ; Series 50 Ohm without Calibration ; --                        ; no                         ; no                          ; Fitter               ; -                    ; -                   ;
; we_dec[15]  ; A13   ; 7        ; 31           ; 41           ; 14           ; no              ; no                     ; no            ; 2         ; no              ; no         ; no            ; no       ; Off          ; 2.5 V        ; Default          ; Series 50 Ohm without Calibration ; --                        ; no                         ; no                          ; Fitter               ; -                    ; -                   ;
; we_dec[1]   ; B15   ; 7        ; 41           ; 41           ; 0            ; no              ; no                     ; no            ; 2         ; no              ; no         ; no            ; no       ; Off          ; 2.5 V        ; Default          ; Series 50 Ohm without Calibration ; --                        ; no                         ; no                          ; Fitter               ; -                    ; -                   ;
; we_dec[2]   ; A7    ; 8        ; 12           ; 41           ; 0            ; no              ; no                     ; no            ; 2         ; no              ; no         ; no            ; no       ; Off          ; 2.5 V        ; Default          ; Series 50 Ohm without Calibration ; --                        ; no                         ; no                          ; Fitter               ; -                    ; -                   ;
; we_dec[3]   ; A17   ; 7        ; 46           ; 41           ; 14           ; no              ; no                     ; no            ; 2         ; no              ; no         ; no            ; no       ; Off          ; 2.5 V        ; Default          ; Series 50 Ohm without Calibration ; --                        ; no                         ; no                          ; Fitter               ; -                    ; -                   ;
; we_dec[4]   ; E12   ; 7        ; 41           ; 41           ; 21           ; no              ; no                     ; no            ; 2         ; no              ; no         ; no            ; no       ; Off          ; 2.5 V        ; Default          ; Series 50 Ohm without Calibration ; --                        ; no                         ; no                          ; Fitter               ; -                    ; -                   ;
; we_dec[5]   ; C17   ; 7        ; 48           ; 41           ; 7            ; no              ; no                     ; no            ; 2         ; no              ; no         ; no            ; no       ; Off          ; 2.5 V        ; Default          ; Series 50 Ohm without Calibration ; --                        ; no                         ; no                          ; Fitter               ; -                    ; -                   ;
; we_dec[6]   ; A18   ; 7        ; 46           ; 41           ; 21           ; no              ; no                     ; no            ; 2         ; no              ; no         ; no            ; no       ; Off          ; 2.5 V        ; Default          ; Series 50 Ohm without Calibration ; --                        ; no                         ; no                          ; Fitter               ; -                    ; -                   ;
; we_dec[7]   ; A14   ; 7        ; 34           ; 41           ; 0            ; no              ; no                     ; no            ; 2         ; no              ; no         ; no            ; no       ; Off          ; 2.5 V        ; Default          ; Series 50 Ohm without Calibration ; --                        ; no                         ; no                          ; Fitter               ; -                    ; -                   ;
; we_dec[8]   ; C12   ; 7        ; 36           ; 41           ; 0            ; no              ; no                     ; no            ; 2         ; no              ; no         ; no            ; no       ; Off          ; 2.5 V        ; Default          ; Series 50 Ohm without Calibration ; --                        ; no                         ; no                          ; Fitter               ; -                    ; -                   ;
; we_dec[9]   ; D16   ; 7        ; 46           ; 41           ; 7            ; no              ; no                     ; no            ; 2         ; no              ; no         ; no            ; no       ; Off          ; 2.5 V        ; Default          ; Series 50 Ohm without Calibration ; --                        ; no                         ; no                          ; Fitter               ; -                    ; -                   ;
+-------------+-------+----------+--------------+--------------+--------------+-----------------+------------------------+---------------+-----------+-----------------+------------+---------------+----------+--------------+--------------+------------------+-----------------------------------+---------------------------+----------------------------+-----------------------------+----------------------+----------------------+---------------------+


+-----------------------------------------------------------------------------------------------------------+
; Dual Purpose and Dedicated Pins                                                                           ;
+----------+----------------------+--------------------------+------------------+---------------------------+
; Location ; Pin Name             ; Reserved As              ; User Signal Name ; Pin Type                  ;
+----------+----------------------+--------------------------+------------------+---------------------------+
; P4       ; MSEL2                ; -                        ; -                ; Dedicated Programming Pin ;
; R5       ; MSEL1                ; -                        ; -                ; Dedicated Programming Pin ;
; T5       ; MSEL0                ; -                        ; -                ; Dedicated Programming Pin ;
; U4       ; CONF_DONE            ; -                        ; -                ; Dedicated Programming Pin ;
; V4       ; nSTATUS              ; -                        ; -                ; Dedicated Programming Pin ;
; R6       ; DIFFIO_B1n, NCEO     ; Use as programming pin   ; ~ALTERA_NCEO~    ; Dual Purpose Pin          ;
; G18      ; DIFFIO_R6n, DEV_OE   ; Use as regular IO        ; w_data[5]        ; Dual Purpose Pin          ;
; E18      ; DIFFIO_R4n, DEV_CLRn ; Use as regular IO        ; r_addr_a[1]      ; Dual Purpose Pin          ;
; A4       ; DATA0                ; As input tri-stated      ; ~ALTERA_DATA0~   ; Dual Purpose Pin          ;
; B4       ; ASDO                 ; As input tri-stated      ; ~ALTERA_ASDO~    ; Dual Purpose Pin          ;
; C5       ; NCSO                 ; As input tri-stated      ; ~ALTERA_NCSO~    ; Dual Purpose Pin          ;
; D5       ; DCLK                 ; As output driving ground ; ~ALTERA_DCLK~    ; Dual Purpose Pin          ;
; C4       ; nCONFIG              ; -                        ; -                ; Dedicated Programming Pin ;
; D3       ; nCE                  ; -                        ; -                ; Dedicated Programming Pin ;
+----------+----------------------+--------------------------+------------------+---------------------------+


+-------------------------------------------------------------------------------+
; I/O Bank Usage                                                                ;
+----------+------------------+---------------+--------------+------------------+
; I/O Bank ; Usage            ; VCCIO Voltage ; VREF Voltage ; VCCCLKIN Voltage ;
+----------+------------------+---------------+--------------+------------------+
; QL0      ; 0 / 16 ( 0 % )   ; --            ; --           ; --               ;
; 3        ; 2 / 26 ( 8 % )   ; 2.5V          ; --           ; --               ;
; 3A       ; 2 / 2 ( 100 % )  ; --            ; --           ; 2.5V             ;
; 4        ; 2 / 28 ( 7 % )   ; 2.5V          ; --           ; --               ;
; 5        ; 1 / 20 ( 5 % )   ; 2.5V          ; --           ; --               ;
; 6        ; 14 / 18 ( 78 % ) ; 2.5V          ; --           ; --               ;
; 7        ; 23 / 28 ( 82 % ) ; 2.5V          ; --           ; --               ;
; 8A       ; 0 / 2 ( 0 % )    ; --            ; --           ; 2.5V             ;
; 8        ; 12 / 23 ( 52 % ) ; 2.5V          ; --           ; --               ;
; 9        ; 4 / 4 ( 100 % )  ; 2.5V          ; --           ; --               ;
+----------+------------------+---------------+--------------+------------------+


+--------------------------------------------------------------------------------------------------------------------------------------------------------------------------------+
; All Package Pins                                                                                                                                                               ;
+----------+------------+----------+--------------------------------------------------+--------+--------------+---------+------------+-----------------+----------+--------------+
; Location ; Pad Number ; I/O Bank ; Pin Name/Usage                                   ; Dir.   ; I/O Standard ; Voltage ; I/O Type   ; User Assignment ; Bus Hold ; Weak Pull Up ;
+----------+------------+----------+--------------------------------------------------+--------+--------------+---------+------------+-----------------+----------+--------------+
; A1       ;            ;          ; GND                                              ; gnd    ;              ;         ; --         ;                 ; --       ; --           ;
; A2       ;            ;          ; GND                                              ; gnd    ;              ;         ; --         ;                 ; --       ; --           ;
; A3       ;            ;          ; GND                                              ; gnd    ;              ;         ; --         ;                 ; --       ; --           ;
; A4       ; 168        ; 9        ; ~ALTERA_DATA0~ / RESERVED_INPUT_WITH_WEAK_PULLUP ; input  ; 2.5 V        ;         ; Column I/O ; N               ; no       ; On           ;
; A5       ; 165        ; 8        ; RESERVED_INPUT_WITH_WEAK_PULLUP                  ;        ;              ;         ; Column I/O ;                 ; no       ; On           ;
; A6       ; 161        ; 8        ; RESERVED_INPUT_WITH_WEAK_PULLUP                  ;        ;              ;         ; Column I/O ;                 ; no       ; On           ;
; A7       ; 157        ; 8        ; we_dec[2]                                        ; output ; 2.5 V        ;         ; Column I/O ; N               ; no       ; Off          ;
; A8       ; 153        ; 8        ; w_data[7]                                        ; input  ; 2.5 V        ;         ; Column I/O ; N               ; no       ; Off          ;
; A9       ; 154        ; 8        ; r_addr_a[2]                                      ; input  ; 2.5 V        ;         ; Column I/O ; N               ; no       ; Off          ;
; A10      ; 147        ; 8        ; w_data[4]                                        ; input  ; 2.5 V        ;         ; Column I/O ; N               ; no       ; Off          ;
; A11      ; 148        ; 8        ; r_data_b[0]                                      ; output ; 2.5 V        ;         ; Column I/O ; N               ; no       ; Off          ;
; A12      ; 141        ; 7        ; GND+                                             ;        ;              ;         ; Column I/O ;                 ; --       ; --           ;
; A13      ; 137        ; 7        ; we_dec[15]                                       ; output ; 2.5 V        ;         ; Column I/O ; N               ; no       ; Off          ;
; A14      ; 133        ; 7        ; we_dec[7]                                        ; output ; 2.5 V        ;         ; Column I/O ; N               ; no       ; Off          ;
; A15      ; 134        ; 7        ; we_dec[0]                                        ; output ; 2.5 V        ;         ; Column I/O ; N               ; no       ; Off          ;
; A16      ; 129        ; 7        ; we_dec[12]                                       ; output ; 2.5 V        ;         ; Column I/O ; N               ; no       ; Off          ;
; A17      ; 121        ; 7        ; we_dec[3]                                        ; output ; 2.5 V        ;         ; Column I/O ; N               ; no       ; Off          ;
; A18      ; 122        ; 7        ; we_dec[6]                                        ; output ; 2.5 V        ;         ; Column I/O ; N               ; no       ; Off          ;
; B1       ; 1          ; QL0      ; GXB_NC                                           ;        ;              ;         ; --         ;                 ; --       ; --           ;
; B2       ; 0          ; QL0      ; GXB_NC                                           ;        ;              ;         ; --         ;                 ; --       ; --           ;
; B3       ;            ;          ; GND                                              ; gnd    ;              ;         ; --         ;                 ; --       ; --           ;
; B4       ; 169        ; 9        ; ~ALTERA_ASDO~ / RESERVED_INPUT_WITH_WEAK_PULLUP  ; input  ; 2.5 V        ;         ; Column I/O ; N               ; no       ; On           ;
; B5       ; 166        ; 8        ; RESERVED_INPUT_WITH_WEAK_PULLUP                  ;        ;              ;         ; Column I/O ;                 ; no       ; On           ;
; B6       ; 162        ; 8        ; RESERVED_INPUT_WITH_WEAK_PULLUP                  ;        ;              ;         ; Column I/O ;                 ; no       ; On           ;
; B7       ; 158        ; 8        ; RESERVED_INPUT_WITH_WEAK_PULLUP                  ;        ;              ;         ; Column I/O ;                 ; no       ; On           ;
; B8       ;            ;          ; GND                                              ; gnd    ;              ;         ; --         ;                 ; --       ; --           ;
; B9       ; 149        ; 8        ; r_data_b[6]                                      ; output ; 2.5 V        ;         ; Column I/O ; N               ; no       ; Off          ;
; B10      ; 150        ; 8        ; r_data_a[0]                                      ; output ; 2.5 V        ;         ; Column I/O ; N               ; no       ; Off          ;
; B11      ;            ;          ; GND                                              ; gnd    ;              ;         ; --         ;                 ; --       ; --           ;
; B12      ; 142        ; 7        ; GND+                                             ;        ;              ;         ; Column I/O ;                 ; --       ; --           ;
; B13      ; 138        ; 7        ; we_dec[11]                                       ; output ; 2.5 V        ;         ; Column I/O ; N               ; no       ; Off          ;
; B14      ;            ;          ; GND                                              ; gnd    ;              ;         ; --         ;                 ; --       ; --           ;
; B15      ; 125        ; 7        ; we_dec[1]                                        ; output ; 2.5 V        ;         ; Column I/O ; N               ; no       ; Off          ;
; B16      ; 130        ; 7        ; we_dec[14]                                       ; output ; 2.5 V        ;         ; Column I/O ; N               ; no       ; Off          ;
; B17      ;            ;          ; GND                                              ; gnd    ;              ;         ; --         ;                 ; --       ; --           ;
; B18      ; 116        ; 7        ; RESERVED_INPUT_WITH_WEAK_PULLUP                  ;        ;              ;         ; Column I/O ;                 ; no       ; On           ;
; C1       ;            ;          ; GND                                              ; gnd    ;              ;         ; --         ;                 ; --       ; --           ;
; C2       ;            ;          ; GND                                              ; gnd    ;              ;         ; --         ;                 ; --       ; --           ;
; C3       ;            ;          ; GND                                              ; gnd    ;              ;         ; --         ;                 ; --       ; --           ;
; C4       ; 172        ; 9        ; ^nCONFIG                                         ;        ;              ;         ; --         ;                 ; --       ; --           ;
; C5       ; 170        ; 9        ; ~ALTERA_NCSO~ / RESERVED_INPUT_WITH_WEAK_PULLUP  ; input  ; 2.5 V        ;         ; Column I/O ; N               ; no       ; On           ;
; C6       ; 163        ; 8        ; RESERVED_INPUT_WITH_WEAK_PULLUP                  ;        ;              ;         ; Column I/O ;                 ; no       ; On           ;
; C7       ; 159        ; 8        ; RESERVED_INPUT_WITH_WEAK_PULLUP                  ;        ;              ;         ; Column I/O ;                 ; no       ; On           ;
; C8       ; 156        ; 8        ; r_data_b[1]                                      ; output ; 2.5 V        ;         ; Column I/O ; N               ; no       ; Off          ;
; C9       ; 151        ; 8        ; r_data_b[4]                                      ; output ; 2.5 V        ;         ; Column I/O ; N               ; no       ; Off          ;
; C10      ; 145        ; 8        ; r_data_b[7]                                      ; output ; 2.5 V        ;         ; Column I/O ; N               ; no       ; Off          ;
; C11      ; 146        ; 8        ; r_addr_b[1]                                      ; input  ; 2.5 V        ;         ; Column I/O ; N               ; no       ; Off          ;
; C12      ; 131        ; 7        ; we_dec[8]                                        ; output ; 2.5 V        ;         ; Column I/O ; N               ; no       ; Off          ;
; C13      ; 132        ; 7        ; we_dec[13]                                       ; output ; 2.5 V        ;         ; Column I/O ; N               ; no       ; Off          ;
; C14      ; 123        ; 7        ; w_addr[3]                                        ; input  ; 2.5 V        ;         ; Column I/O ; N               ; no       ; Off          ;
; C15      ; 126        ; 7        ; w_addr[2]                                        ; input  ; 2.5 V        ;         ; Column I/O ; N               ; no       ; Off          ;
; C16      ; 117        ; 7        ; RESERVED_INPUT_WITH_WEAK_PULLUP                  ;        ;              ;         ; Column I/O ;                 ; no       ; On           ;
; C17      ; 118        ; 7        ; we_dec[5]                                        ; output ; 2.5 V        ;         ; Column I/O ; N               ; no       ; Off          ;
; C18      ; 115        ; 7        ; RESERVED_INPUT_WITH_WEAK_PULLUP                  ;        ;              ;         ; Column I/O ;                 ; no       ; On           ;
; D1       ; 3          ; QL0      ; GXB_GND*                                         ;        ;              ;         ; --         ;                 ; --       ; --           ;
; D2       ; 2          ; QL0      ; GXB_GND*                                         ;        ;              ;         ; --         ;                 ; --       ; --           ;
; D3       ; 173        ; 9        ; ^nCE                                             ;        ;              ;         ; --         ;                 ; --       ; --           ;
; D4       ; 174        ; 9        ; #TDI                                             ; input  ;              ;         ; --         ;                 ; --       ; --           ;
; D5       ; 171        ; 9        ; ~ALTERA_DCLK~                                    ; output ; 2.5 V        ;         ; Column I/O ; N               ; no       ; On           ;
; D6       ; 164        ; 8        ; RESERVED_INPUT_WITH_WEAK_PULLUP                  ;        ;              ;         ; Column I/O ;                 ; no       ; On           ;
; D7       ; 160        ; 8        ; RESERVED_INPUT_WITH_WEAK_PULLUP                  ;        ;              ;         ; Column I/O ;                 ; no       ; On           ;
; D8       ; 155        ; 8        ; RESERVED_INPUT_WITH_WEAK_PULLUP                  ;        ;              ;         ; Column I/O ;                 ; --       ; --           ;
; D9       ; 152        ; 8        ; r_addr_b[0]                                      ; input  ; 2.5 V        ;         ; Column I/O ; N               ; no       ; Off          ;
; D10      ; 139        ; 7        ; r_addr_a[3]                                      ; input  ; 2.5 V        ;         ; Column I/O ; N               ; no       ; Off          ;
; D11      ; 135        ; 7        ; w_data[3]                                        ; input  ; 2.5 V        ;         ; Column I/O ; N               ; no       ; Off          ;
; D12      ; 136        ; 7        ; w_data[2]                                        ; input  ; 2.5 V        ;         ; Column I/O ; N               ; no       ; Off          ;
; D13      ; 127        ; 7        ; we                                               ; input  ; 2.5 V        ;         ; Column I/O ; N               ; no       ; Off          ;
; D14      ; 124        ; 7        ; w_addr[0]                                        ; input  ; 2.5 V        ;         ; Column I/O ; N               ; no       ; Off          ;
; D15      ; 119        ; 7        ; w_addr[1]                                        ; input  ; 2.5 V        ;         ; Column I/O ; N               ; no       ; Off          ;
; D16      ; 120        ; 7        ; we_dec[9]                                        ; output ; 2.5 V        ;         ; Column I/O ; N               ; no       ; Off          ;
; D17      ; 110        ; 6        ; r_data_b[3]                                      ; output ; 2.5 V        ;         ; Row I/O    ; N               ; no       ; Off          ;
; D18      ; 109        ; 6        ; r_data_a[5]                                      ; output ; 2.5 V        ;         ; Row I/O    ; N               ; no       ; Off          ;
; E1       ;            ;          ; GND                                              ; gnd    ;              ;         ; --         ;                 ; --       ; --           ;
; E2       ;            ;          ; GND                                              ; gnd    ;              ;         ; --         ;                 ; --       ; --           ;
; E3       ; 176        ; 9        ; #TMS                                             ; input  ;              ;         ; --         ;                 ; --       ; --           ;
; E4       ; 177        ; 9        ; #TDO                                             ; output ;              ;         ; --         ;                 ; --       ; --           ;
; E5       ; 175        ; 9        ; #TCK                                             ; input  ;              ;         ; --         ;                 ; --       ; --           ;
; E6       ; 167        ; 8        ; RESERVED_INPUT_WITH_WEAK_PULLUP                  ;        ;              ;         ; Column I/O ;                 ; no       ; On           ;
; E7       ;            ; 8        ; VCCIO8                                           ; power  ;              ; 2.5V    ; --         ;                 ; --       ; --           ;
; E8       ;            ;          ; GND                                              ; gnd    ;              ;         ; --         ;                 ; --       ; --           ;
; E9       ;            ; 8        ; VCCIO8                                           ; power  ;              ; 2.5V    ; --         ;                 ; --       ; --           ;
; E10      ; 140        ; 7        ; r_addr_b[2]                                      ; input  ; 2.5 V        ;         ; Column I/O ; N               ; no       ; Off          ;
; E11      ;            ;          ; GND                                              ; gnd    ;              ;         ; --         ;                 ; --       ; --           ;
; E12      ; 128        ; 7        ; we_dec[4]                                        ; output ; 2.5 V        ;         ; Column I/O ; N               ; no       ; Off          ;
; E13      ;            ; 7        ; VCCIO7                                           ; power  ;              ; 2.5V    ; --         ;                 ; --       ; --           ;
; E14      ;            ;          ; GND                                              ; gnd    ;              ;         ; --         ;                 ; --       ; --           ;
; E15      ; 113        ; 6        ; we_dec[10]                                       ; output ; 2.5 V        ;         ; Row I/O    ; N               ; no       ; Off          ;
; E16      ; 111        ; 6        ; RESERVED_INPUT_WITH_WEAK_PULLUP                  ;        ;              ;         ; Row I/O    ;                 ; no       ; On           ;
; E17      ;            ;          ; GND                                              ; gnd    ;              ;         ; --         ;                 ; --       ; --           ;
; E18      ; 107        ; 6        ; r_addr_a[1]                                      ; input  ; 2.5 V        ;         ; Row I/O    ; N               ; no       ; Off          ;
; F1       ; 5          ; QL0      ; GXB_NC                                           ;        ;              ;         ; --         ;                 ; --       ; --           ;
; F2       ; 4          ; QL0      ; GXB_NC                                           ;        ;              ;         ; --         ;                 ; --       ; --           ;
; F3       ;            ; --       ; VCCL_GXB                                         ; power  ;              ; 1.2V    ; --         ;                 ; --       ; --           ;
; F4       ;            ; 9        ; VCCIO9                                           ; power  ;              ; 2.5V    ; --         ;                 ; --       ; --           ;
; F5       ;            ;          ; GND                                              ; gnd    ;              ;         ; --         ;                 ; --       ; --           ;
; F6       ;            ;          ; VCCD_PLL                                         ; power  ;              ; 1.2V    ; --         ;                 ; --       ; --           ;
; F7       ;            ;          ; VCCINT                                           ; power  ;              ; 1.2V    ; --         ;                 ; --       ; --           ;
; F8       ;            ; 8        ; VCCIO8                                           ; power  ;              ; 2.5V    ; --         ;                 ; --       ; --           ;
; F9       ;            ; 8A       ; VCC_CLKIN8A                                      ; power  ;              ; 2.5V    ; --         ;                 ; --       ; --           ;
; F10      ;            ; 7        ; VCCIO7                                           ; power  ;              ; 2.5V    ; --         ;                 ; --       ; --           ;
; F11      ;            ; 7        ; VCCIO7                                           ; power  ;              ; 2.5V    ; --         ;                 ; --       ; --           ;
; F12      ;            ; 7        ; VCCIO7                                           ; power  ;              ; 2.5V    ; --         ;                 ; --       ; --           ;
; F13      ;            ;          ; GND                                              ; gnd    ;              ;         ; --         ;                 ; --       ; --           ;
; F14      ;            ;          ; VCCD_PLL                                         ; power  ;              ; 1.2V    ; --         ;                 ; --       ; --           ;
; F15      ; 114        ; 6        ; RESERVED_INPUT_WITH_WEAK_PULLUP                  ;        ;              ;         ; Row I/O    ;                 ; no       ; On           ;
; F16      ; 112        ; 6        ; r_addr_a[0]                                      ; input  ; 2.5 V        ;         ; Row I/O    ; N               ; no       ; Off          ;
; F17      ; 102        ; 6        ; w_data[0]                                        ; input  ; 2.5 V        ;         ; Row I/O    ; N               ; no       ; Off          ;
; F18      ; 108        ; 6        ; r_data_b[2]                                      ; output ; 2.5 V        ;         ; Row I/O    ; N               ; no       ; Off          ;
; G1       ;            ;          ; GND                                              ; gnd    ;              ;         ; --         ;                 ; --       ; --           ;
; G2       ;            ;          ; GND                                              ; gnd    ;              ;         ; --         ;                 ; --       ; --           ;
; G3       ;            ; --       ; VCCH_GXB                                         ; power  ;              ; 2.5V    ; --         ;                 ; --       ; --           ;
; G4       ;            ;          ; VCCINT                                           ; power  ;              ; 1.2V    ; --         ;                 ; --       ; --           ;
; G5       ;            ; --       ; VCCA                                             ; power  ;              ; 2.5V    ; --         ;                 ; --       ; --           ;
; G6       ;            ;          ; VCCINT                                           ; power  ;              ; 1.2V    ; --         ;                 ; --       ; --           ;
; G7       ;            ;          ; GND                                              ; gnd    ;              ;         ; --         ;                 ; --       ; --           ;
; G8       ;            ;          ; VCCINT                                           ; power  ;              ; 1.2V    ; --         ;                 ; --       ; --           ;
; G9       ; 143        ; 8A       ; GXB_GND*                                         ;        ;              ;         ; Column I/O ;                 ; --       ; --           ;
; G10      ; 144        ; 8A       ; GXB_GND*                                         ;        ;              ;         ; Column I/O ;                 ; --       ; --           ;
; G11      ;            ;          ; GND                                              ; gnd    ;              ;         ; --         ;                 ; --       ; --           ;
; G12      ;            ;          ; VCCINT                                           ; power  ;              ; 1.2V    ; --         ;                 ; --       ; --           ;
; G13      ;            ; --       ; VCCA                                             ; power  ;              ; 2.5V    ; --         ;                 ; --       ; --           ;
; G14      ;            ; 6        ; VCCIO6                                           ; power  ;              ; 2.5V    ; --         ;                 ; --       ; --           ;
; G15      ; 105        ; 6        ; r_data_a[2]                                      ; output ; 2.5 V        ;         ; Row I/O    ; N               ; no       ; Off          ;
; G16      ; 104        ; 6        ; r_addr_b[3]                                      ; input  ; 2.5 V        ;         ; Row I/O    ; N               ; no       ; Off          ;
; G17      ; 103        ; 6        ; r_data_a[3]                                      ; output ; 2.5 V        ;         ; Row I/O    ; N               ; no       ; Off          ;
; G18      ; 101        ; 6        ; w_data[5]                                        ; input  ; 2.5 V        ;         ; Row I/O    ; N               ; no       ; Off          ;
; H1       ; 7          ; QL0      ; GXB_GND*                                         ;        ;              ;         ; --         ;                 ; --       ; --           ;
; H2       ; 6          ; QL0      ; GXB_GND*                                         ;        ;              ;         ; --         ;                 ; --       ; --           ;
; H3       ;            ; --       ; VCCL_GXB                                         ; power  ;              ; 1.2V    ; --         ;                 ; --       ; --           ;
; H4       ;            ;          ; GND                                              ; gnd    ;              ;         ; --         ;                 ; --       ; --           ;
; H5       ;            ;          ; VCCINT                                           ; power  ;              ; 1.2V    ; --         ;                 ; --       ; --           ;
; H6       ;            ;          ; GND                                              ; gnd    ;              ;         ; --         ;                 ; --       ; --           ;
; H7       ;            ;          ; VCCINT                                           ; power  ;              ; 1.2V    ; --         ;                 ; --       ; --           ;
; H8       ;            ;          ; GND                                              ; gnd    ;              ;         ; --         ;                 ; --       ; --           ;
; H9       ;            ;          ; VCCINT                                           ; power  ;              ; 1.2V    ; --         ;                 ; --       ; --           ;
; H10      ;            ;          ; GND                                              ; gnd    ;              ;         ; --         ;                 ; --       ; --           ;
; H11      ;            ;          ; VCCINT                                           ; power  ;              ; 1.2V    ; --         ;                 ; --       ; --           ;
; H12      ;            ;          ; GND                                              ; gnd    ;              ;         ; --         ;                 ; --       ; --           ;
; H13      ;            ;          ; VCCINT                                           ; power  ;              ; 1.2V    ; --         ;                 ; --       ; --           ;
; H14      ;            ;          ; GND                                              ; gnd    ;              ;         ; --         ;                 ; --       ; --           ;
; H15      ;            ; 6        ; VCCIO6                                           ; power  ;              ; 2.5V    ; --         ;                 ; --       ; --           ;
; H16      ; 106        ; 6        ; w_data[6]                                        ; input  ; 2.5 V        ;         ; Row I/O    ; N               ; no       ; Off          ;
; H17      ;            ;          ; GND                                              ; gnd    ;              ;         ; --         ;                 ; --       ; --           ;
; H18      ; 97         ; 6        ; GND+                                             ;        ;              ;         ; Row I/O    ;                 ; --       ; --           ;
; J1       ;            ;          ; GND                                              ; gnd    ;              ;         ; --         ;                 ; --       ; --           ;
; J2       ;            ;          ; GND                                              ; gnd    ;              ;         ; --         ;                 ; --       ; --           ;
; J3       ;            ; --       ; VCCA_GXB                                         ; power  ;              ; 2.5V    ; --         ;                 ; --       ; --           ;
; J4       ;            ;          ; VCCINT                                           ; power  ;              ; 1.2V    ; --         ;                 ; --       ; --           ;
; J5       ;            ;          ; GND                                              ; gnd    ;              ;         ; --         ;                 ; --       ; --           ;
; J6       ;            ;          ; VCCINT                                           ; power  ;              ; 1.2V    ; --         ;                 ; --       ; --           ;
; J7       ;            ;          ; GND                                              ; gnd    ;              ;         ; --         ;                 ; --       ; --           ;
; J8       ;            ;          ; VCCINT                                           ; power  ;              ; 1.2V    ; --         ;                 ; --       ; --           ;
; J9       ;            ;          ; GND                                              ; gnd    ;              ;         ; --         ;                 ; --       ; --           ;
; J10      ;            ;          ; VCCINT                                           ; power  ;              ; 1.2V    ; --         ;                 ; --       ; --           ;
; J11      ;            ;          ; GND                                              ; gnd    ;              ;         ; --         ;                 ; --       ; --           ;
; J12      ;            ;          ; VCCINT                                           ; power  ;              ; 1.2V    ; --         ;                 ; --       ; --           ;
; J13      ;            ;          ; GND                                              ; gnd    ;              ;         ; --         ;                 ; --       ; --           ;
; J14      ;            ;          ; VCCINT                                           ; power  ;              ; 1.2V    ; --         ;                 ; --       ; --           ;
; J15      ;            ; 6        ; VCCIO6                                           ; power  ;              ; 2.5V    ; --         ;                 ; --       ; --           ;
; J16      ; 100        ; 6        ; r_data_a[1]                                      ; output ; 2.5 V        ;         ; Row I/O    ; N               ; no       ; Off          ;
; J17      ; 99         ; 6        ; r_data_a[7]                                      ; output ; 2.5 V        ;         ; Row I/O    ; N               ; no       ; Off          ;
; J18      ; 98         ; 6        ; GND+                                             ;        ;              ;         ; Row I/O    ;                 ; --       ; --           ;
; K1       ; 9          ; QL0      ; GXB_NC                                           ;        ;              ;         ; --         ;                 ; --       ; --           ;
; K2       ; 8          ; QL0      ; GXB_NC                                           ;        ;              ;         ; --         ;                 ; --       ; --           ;
; K3       ;            ; --       ; VCCL_GXB                                         ; power  ;              ; 1.2V    ; --         ;                 ; --       ; --           ;
; K4       ;            ;          ; GND                                              ; gnd    ;              ;         ; --         ;                 ; --       ; --           ;
; K5       ;            ;          ; VCCINT                                           ; power  ;              ; 1.2V    ; --         ;                 ; --       ; --           ;
; K6       ;            ;          ; GND                                              ; gnd    ;              ;         ; --         ;                 ; --       ; --           ;
; K7       ;            ;          ; VCCINT                                           ; power  ;              ; 1.2V    ; --         ;                 ; --       ; --           ;
; K8       ;            ;          ; GND                                              ; gnd    ;              ;         ; --         ;                 ; --       ; --           ;
; K9       ;            ;          ; VCCINT                                           ; power  ;              ; 1.2V    ; --         ;                 ; --       ; --           ;
; K10      ;            ;          ; GND                                              ; gnd    ;              ;         ; --         ;                 ; --       ; --           ;
; K11      ;            ;          ; VCCINT                                           ; power  ;              ; 1.2V    ; --         ;                 ; --       ; --           ;
; K12      ;            ;          ; GND                                              ; gnd    ;              ;         ; --         ;                 ; --       ; --           ;
; K13      ;            ;          ; VCCINT                                           ; power  ;              ; 1.2V    ; --         ;                 ; --       ; --           ;
; K14      ;            ; 5        ; VCCIO5                                           ; power  ;              ; 2.5V    ; --         ;                 ; --       ; --           ;
; K15      ; 92         ; 5        ; RESERVED_INPUT_WITH_WEAK_PULLUP                  ;        ;              ;         ; Row I/O    ;                 ; no       ; On           ;
; K16      ; 91         ; 5        ; RESERVED_INPUT_WITH_WEAK_PULLUP                  ;        ;              ;         ; Row I/O    ;                 ; no       ; On           ;
; K17      ; 96         ; 5        ; GND+                                             ;        ;              ;         ; Row I/O    ;                 ; --       ; --           ;
; K18      ; 95         ; 5        ; GND+                                             ;        ;              ;         ; Row I/O    ;                 ; --       ; --           ;
; L1       ;            ;          ; GND                                              ; gnd    ;              ;         ; --         ;                 ; --       ; --           ;
; L2       ;            ;          ; GND                                              ; gnd    ;              ;         ; --         ;                 ; --       ; --           ;
; L3       ;            ; --       ; VCCH_GXB                                         ; power  ;              ; 2.5V    ; --         ;                 ; --       ; --           ;
; L4       ;            ;          ; VCCINT                                           ; power  ;              ; 1.2V    ; --         ;                 ; --       ; --           ;
; L5       ;            ;          ; GND                                              ; gnd    ;              ;         ; --         ;                 ; --       ; --           ;
; L6       ;            ; --       ; VCCA                                             ; power  ;              ; 2.5V    ; --         ;                 ; --       ; --           ;
; L7       ;            ;          ; GND                                              ; gnd    ;              ;         ; --         ;                 ; --       ; --           ;
; L8       ;            ;          ; VCCINT                                           ; power  ;              ; 1.2V    ; --         ;                 ; --       ; --           ;
; L9       ;            ;          ; GND                                              ; gnd    ;              ;         ; --         ;                 ; --       ; --           ;
; L10      ;            ;          ; VCCINT                                           ; power  ;              ; 1.2V    ; --         ;                 ; --       ; --           ;
; L11      ;            ;          ; GND                                              ; gnd    ;              ;         ; --         ;                 ; --       ; --           ;
; L12      ;            ;          ; VCCINT                                           ; power  ;              ; 1.2V    ; --         ;                 ; --       ; --           ;
; L13      ;            ; --       ; VCCA                                             ; power  ;              ; 2.5V    ; --         ;                 ; --       ; --           ;
; L14      ;            ;          ; GND                                              ; gnd    ;              ;         ; --         ;                 ; --       ; --           ;
; L15      ; 86         ; 5        ; RESERVED_INPUT_WITH_WEAK_PULLUP                  ;        ;              ;         ; Row I/O    ;                 ; no       ; On           ;
; L16      ; 85         ; 5        ; RESERVED_INPUT_WITH_WEAK_PULLUP                  ;        ;              ;         ; Row I/O    ;                 ; --       ; --           ;
; L17      ;            ;          ; GND                                              ; gnd    ;              ;         ; --         ;                 ; --       ; --           ;
; L18      ; 93         ; 5        ; RESERVED_INPUT_WITH_WEAK_PULLUP                  ;        ;              ;         ; Row I/O    ;                 ; no       ; On           ;
; M1       ; 11         ; QL0      ; GXB_GND*                                         ;        ;              ;         ; --         ;                 ; --       ; --           ;
; M2       ; 10         ; QL0      ; GXB_GND*                                         ;        ;              ;         ; --         ;                 ; --       ; --           ;
; M3       ;            ; --       ; VCCL_GXB                                         ; power  ;              ; 1.2V    ; --         ;                 ; --       ; --           ;
; M4       ;            ;          ; GND                                              ; gnd    ;              ;         ; --         ;                 ; --       ; --           ;
; M5       ;            ;          ; VCCD_PLL                                         ; power  ;              ; 1.2V    ; --         ;                 ; --       ; --           ;
; M6       ;            ;          ; GND                                              ; gnd    ;              ;         ; --         ;                 ; --       ; --           ;
; M7       ; 31         ; 3        ; RESERVED_INPUT_WITH_WEAK_PULLUP                  ;        ;              ;         ; Column I/O ;                 ; no       ; On           ;
; M8       ;            ;          ; GND                                              ; gnd    ;              ;         ; --         ;                 ; --       ; --           ;
; M9       ; 47         ; 3A       ; rst_n                                            ; input  ; 2.5 V        ;         ; Column I/O ; N               ; no       ; Off          ;
; M10      ; 48         ; 3A       ; clk                                              ; input  ; 2.5 V        ;         ; Column I/O ; N               ; no       ; Off          ;
; M11      ;            ;          ; VCCINT                                           ; power  ;              ; 1.2V    ; --         ;                 ; --       ; --           ;
; M12      ;            ;          ; GND                                              ; gnd    ;              ;         ; --         ;                 ; --       ; --           ;
; M13      ;            ;          ; GND                                              ; gnd    ;              ;         ; --         ;                 ; --       ; --           ;
; M14      ;            ;          ; VCCD_PLL                                         ; power  ;              ; 1.2V    ; --         ;                 ; --       ; --           ;
; M15      ;            ; 5        ; VCCIO5                                           ; power  ;              ; 2.5V    ; --         ;                 ; --       ; --           ;
; M16      ; 88         ; 5        ; RESERVED_INPUT_WITH_WEAK_PULLUP                  ;        ;              ;         ; Row I/O    ;                 ; no       ; On           ;
; M17      ; 87         ; 5        ; RESERVED_INPUT_WITH_WEAK_PULLUP                  ;        ;              ;         ; Row I/O    ;                 ; no       ; On           ;
; M18      ; 94         ; 5        ; r_data_a[4]                                      ; output ; 2.5 V        ;         ; Row I/O    ; N               ; no       ; Off          ;
; N1       ;            ;          ; GND                                              ; gnd    ;              ;         ; --         ;                 ; --       ; --           ;
; N2       ;            ;          ; GND                                              ; gnd    ;              ;         ; --         ;                 ; --       ; --           ;
; N3       ;            ; --       ; VCCA_GXB                                         ; power  ;              ; 2.5V    ; --         ;                 ; --       ; --           ;
; N4       ;            ;          ; VCCINT                                           ; power  ;              ; 1.2V    ; --         ;                 ; --       ; --           ;
; N5       ; 21         ; 3        ; RESERVED_INPUT_WITH_WEAK_PULLUP                  ;        ;              ;         ; Column I/O ;                 ; no       ; On           ;
; N6       ; 22         ; 3        ; RESERVED_INPUT_WITH_WEAK_PULLUP                  ;        ;              ;         ; Column I/O ;                 ; no       ; On           ;
; N7       ; 32         ; 3        ; RESERVED_INPUT_WITH_WEAK_PULLUP                  ;        ;              ;         ; Column I/O ;                 ; no       ; On           ;
; N8       ;            ; 3        ; VCCIO3                                           ; power  ;              ; 2.5V    ; --         ;                 ; --       ; --           ;
; N9       ;            ; 3A       ; VCC_CLKIN3A                                      ; power  ;              ; 2.5V    ; --         ;                 ; --       ; --           ;
; N10      ;            ;          ; GND                                              ; gnd    ;              ;         ; --         ;                 ; --       ; --           ;
; N11      ;            ; 4        ; VCCIO4                                           ; power  ;              ; 2.5V    ; --         ;                 ; --       ; --           ;
; N12      ;            ; 4        ; VCCIO4                                           ; power  ;              ; 2.5V    ; --         ;                 ; --       ; --           ;
; N13      ;            ; 4        ; VCCIO4                                           ; power  ;              ; 2.5V    ; --         ;                 ; --       ; --           ;
; N14      ;            ; 4        ; VCCIO4                                           ; power  ;              ; 2.5V    ; --         ;                 ; --       ; --           ;
; N15      ; 77         ; 5        ; RESERVED_INPUT_WITH_WEAK_PULLUP                  ;        ;              ;         ; Row I/O    ;                 ; no       ; On           ;
; N16      ; 78         ; 5        ; RESERVED_INPUT_WITH_WEAK_PULLUP                  ;        ;              ;         ; Row I/O    ;                 ; no       ; On           ;
; N17      ; 90         ; 5        ; RESERVED_INPUT_WITH_WEAK_PULLUP                  ;        ;              ;         ; Row I/O    ;                 ; no       ; On           ;
; N18      ; 89         ; 5        ; RESERVED_INPUT_WITH_WEAK_PULLUP                  ;        ;              ;         ; Row I/O    ;                 ; no       ; On           ;
; P1       ; 13         ; QL0      ; GXB_NC                                           ;        ;              ;         ; --         ;                 ; --       ; --           ;
; P2       ; 12         ; QL0      ; GXB_NC                                           ;        ;              ;         ; --         ;                 ; --       ; --           ;
; P3       ;            ;          ; GND                                              ; gnd    ;              ;         ; --         ;                 ; --       ; --           ;
; P4       ; 16         ; 3        ; ^MSEL2                                           ;        ;              ;         ; --         ;                 ; --       ; --           ;
; P5       ;            ;          ; GND                                              ; gnd    ;              ;         ; --         ;                 ; --       ; --           ;
; P6       ; 23         ; 3        ; RESERVED_INPUT_WITH_WEAK_PULLUP                  ;        ;              ;         ; Column I/O ;                 ; no       ; On           ;
; P7       ;            ; 3        ; VCCIO3                                           ; power  ;              ; 2.5V    ; --         ;                 ; --       ; --           ;
; P8       ;            ;          ; GND                                              ; gnd    ;              ;         ; --         ;                 ; --       ; --           ;
; P9       ;            ; 3        ; VCCIO3                                           ; power  ;              ; 2.5V    ; --         ;                 ; --       ; --           ;
; P10      ; 45         ; 3        ; r_data_b[5]                                      ; output ; 2.5 V        ;         ; Column I/O ; N               ; no       ; Off          ;
; P11      ;            ;          ; GND                                              ; gnd    ;              ;         ; --         ;                 ; --       ; --           ;
; P12      ; 61         ; 4        ; RESERVED_INPUT_WITH_WEAK_PULLUP                  ;        ;              ;         ; Column I/O ;                 ; --       ; --           ;
; P13      ; 62         ; 4        ; RESERVED_INPUT_WITH_WEAK_PULLUP                  ;        ;              ;         ; Column I/O ;                 ; no       ; On           ;
; P14      ;            ;          ; GND                                              ; gnd    ;              ;         ; --         ;                 ; --       ; --           ;
; P15      ; 75         ; 4        ; RESERVED_INPUT_WITH_WEAK_PULLUP                  ;        ;              ;         ; Column I/O ;                 ; no       ; On           ;
; P16      ; 79         ; 5        ; RESERVED_INPUT_WITH_WEAK_PULLUP                  ;        ;              ;         ; Row I/O    ;                 ; no       ; On           ;
; P17      ;            ;          ; GND                                              ; gnd    ;              ;         ; --         ;                 ; --       ; --           ;
; P18      ; 83         ; 5        ; RESERVED_INPUT_WITH_WEAK_PULLUP                  ;        ;              ;         ; Row I/O    ;                 ; no       ; On           ;
; R1       ;            ;          ; GND                                              ; gnd    ;              ;         ; --         ;                 ; --       ; --           ;
; R2       ;            ;          ; GND                                              ; gnd    ;              ;         ; --         ;                 ; --       ; --           ;
; R3       ;            ;          ; GND                                              ; gnd    ;              ;         ; --         ;                 ; --       ; --           ;
; R4       ;            ; --       ; VCCL_GXB                                         ; power  ;              ; 1.2V    ; --         ;                 ; --       ; --           ;
; R5       ; 17         ; 3        ; ^MSEL1                                           ;        ;              ;         ; --         ;                 ; --       ; --           ;
; R6       ; 24         ; 3        ; ~ALTERA_NCEO~ / RESERVED_OUTPUT_OPEN_DRAIN       ; output ; 2.5 V        ;         ; Column I/O ; N               ; no       ; Off          ;
; R7       ; 29         ; 3        ; RESERVED_INPUT_WITH_WEAK_PULLUP                  ;        ;              ;         ; Column I/O ;                 ; no       ; On           ;
; R8       ; 36         ; 3        ; RESERVED_INPUT_WITH_WEAK_PULLUP                  ;        ;              ;         ; Column I/O ;                 ; --       ; --           ;
; R9       ; 39         ; 3        ; RESERVED_INPUT_WITH_WEAK_PULLUP                  ;        ;              ;         ; Column I/O ;                 ; no       ; On           ;
; R10      ; 46         ; 3        ; RESERVED_INPUT_WITH_WEAK_PULLUP                  ;        ;              ;         ; Column I/O ;                 ; no       ; On           ;
; R11      ; 53         ; 4        ; RESERVED_INPUT_WITH_WEAK_PULLUP                  ;        ;              ;         ; Column I/O ;                 ; no       ; On           ;
; R12      ; 59         ; 4        ; RESERVED_INPUT_WITH_WEAK_PULLUP                  ;        ;              ;         ; Column I/O ;                 ; no       ; On           ;
; R13      ; 60         ; 4        ; RESERVED_INPUT_WITH_WEAK_PULLUP                  ;        ;              ;         ; Column I/O ;                 ; no       ; On           ;
; R14      ; 73         ; 4        ; RESERVED_INPUT_WITH_WEAK_PULLUP                  ;        ;              ;         ; Column I/O ;                 ; no       ; On           ;
; R15      ; 76         ; 4        ; RESERVED_INPUT_WITH_WEAK_PULLUP                  ;        ;              ;         ; Column I/O ;                 ; no       ; On           ;
; R16      ; 80         ; 5        ; RESERVED_INPUT_WITH_WEAK_PULLUP                  ;        ;              ;         ; Row I/O    ;                 ; no       ; On           ;
; R17      ; 82         ; 5        ; RESERVED_INPUT_WITH_WEAK_PULLUP                  ;        ;              ;         ; Row I/O    ;                 ; no       ; On           ;
; R18      ; 84         ; 5        ; RESERVED_INPUT_WITH_WEAK_PULLUP                  ;        ;              ;         ; Row I/O    ;                 ; no       ; On           ;
; T1       ; 15         ; QL0      ; GXB_GND*                                         ;        ;              ;         ; --         ;                 ; --       ; --           ;
; T2       ; 14         ; QL0      ; GXB_GND*                                         ;        ;              ;         ; --         ;                 ; --       ; --           ;
; T3       ;            ;          ; GND                                              ; gnd    ;              ;         ; --         ;                 ; --       ; --           ;
; T4       ;            ; --       ; VCCA_GXB                                         ; power  ;              ; 2.5V    ; --         ;                 ; --       ; --           ;
; T5       ; 18         ; 3        ; ^MSEL0                                           ;        ;              ;         ; --         ;                 ; --       ; --           ;
; T6       ; 25         ; 3        ; RESERVED_INPUT_WITH_WEAK_PULLUP                  ;        ;              ;         ; Column I/O ;                 ; no       ; On           ;
; T7       ; 30         ; 3        ; RESERVED_INPUT_WITH_WEAK_PULLUP                  ;        ;              ;         ; Column I/O ;                 ; no       ; On           ;
; T8       ; 35         ; 3        ; RESERVED_INPUT_WITH_WEAK_PULLUP                  ;        ;              ;         ; Column I/O ;                 ; no       ; On           ;
; T9       ; 40         ; 3        ; RESERVED_INPUT_WITH_WEAK_PULLUP                  ;        ;              ;         ; Column I/O ;                 ; no       ; On           ;
; T10      ; 43         ; 3        ; RESERVED_INPUT_WITH_WEAK_PULLUP                  ;        ;              ;         ; Column I/O ;                 ; no       ; On           ;
; T11      ; 54         ; 4        ; RESERVED_INPUT_WITH_WEAK_PULLUP                  ;        ;              ;         ; Column I/O ;                 ; no       ; On           ;
; T12      ; 55         ; 4        ; RESERVED_INPUT_WITH_WEAK_PULLUP                  ;        ;              ;         ; Column I/O ;                 ; no       ; On           ;
; T13      ; 63         ; 4        ; RESERVED_INPUT_WITH_WEAK_PULLUP                  ;        ;              ;         ; Column I/O ;                 ; no       ; On           ;
; T14      ; 64         ; 4        ; RESERVED_INPUT_WITH_WEAK_PULLUP                  ;        ;              ;         ; Column I/O ;                 ; no       ; On           ;
; T15      ; 74         ; 4        ; RESERVED_INPUT_WITH_WEAK_PULLUP                  ;        ;              ;         ; Column I/O ;                 ; no       ; On           ;
; T16      ; 71         ; 4        ; RESERVED_INPUT_WITH_WEAK_PULLUP                  ;        ;              ;         ; Column I/O ;                 ; no       ; On           ;
; T17      ; 72         ; 4        ; RESERVED_INPUT_WITH_WEAK_PULLUP                  ;        ;              ;         ; Column I/O ;                 ; no       ; On           ;
; T18      ; 81         ; 5        ; RESERVED_INPUT_WITH_WEAK_PULLUP                  ;        ;              ;         ; Row I/O    ;                 ; no       ; On           ;
; U1       ;            ;          ; GND                                              ; gnd    ;              ;         ; --         ;                 ; --       ; --           ;
; U2       ;            ;          ; GND                                              ; gnd    ;              ;         ; --         ;                 ; --       ; --           ;
; U3       ;            ;          ; NC                                               ;        ;              ;         ; --         ;                 ; --       ; --           ;
; U4       ; 19         ; 3        ; ^CONF_DONE                                       ;        ;              ;         ; --         ;                 ; --       ; --           ;
; U5       ;            ;          ; GND                                              ; gnd    ;              ;         ; --         ;                 ; --       ; --           ;
; U6       ; 26         ; 3        ; RESERVED_INPUT_WITH_WEAK_PULLUP                  ;        ;              ;         ; Column I/O ;                 ; no       ; On           ;
; U7       ; 33         ; 3        ; RESERVED_INPUT_WITH_WEAK_PULLUP                  ;        ;              ;         ; Column I/O ;                 ; no       ; On           ;
; U8       ;            ;          ; GND                                              ; gnd    ;              ;         ; --         ;                 ; --       ; --           ;
; U9       ; 37         ; 3        ; RESERVED_INPUT_WITH_WEAK_PULLUP                  ;        ;              ;         ; Column I/O ;                 ; no       ; On           ;
; U10      ; 44         ; 3        ; RESERVED_INPUT_WITH_WEAK_PULLUP                  ;        ;              ;         ; Column I/O ;                 ; no       ; On           ;
; U11      ;            ;          ; GND                                              ; gnd    ;              ;         ; --         ;                 ; --       ; --           ;
; U12      ; 56         ; 4        ; RESERVED_INPUT_WITH_WEAK_PULLUP                  ;        ;              ;         ; Column I/O ;                 ; no       ; On           ;
; U13      ; 51         ; 4        ; r_data_a[6]                                      ; output ; 2.5 V        ;         ; Column I/O ; N               ; no       ; Off          ;
; U14      ;            ;          ; GND                                              ; gnd    ;              ;         ; --         ;                 ; --       ; --           ;
; U15      ; 65         ; 4        ; RESERVED_INPUT_WITH_WEAK_PULLUP                  ;        ;              ;         ; Column I/O ;                 ; no       ; On           ;
; U16      ; 66         ; 4        ; RESERVED_INPUT_WITH_WEAK_PULLUP                  ;        ;              ;         ; Column I/O ;                 ; no       ; On           ;
; U17      ;            ;          ; GND                                              ; gnd    ;              ;         ; --         ;                 ; --       ; --           ;
; U18      ; 69         ; 4        ; RESERVED_INPUT_WITH_WEAK_PULLUP                  ;        ;              ;         ; Column I/O ;                 ; no       ; On           ;
; V1       ;            ;          ; RREF                                             ;        ;              ;         ; --         ;                 ; --       ; --           ;
; V2       ;            ;          ; GND                                              ; gnd    ;              ;         ; --         ;                 ; --       ; --           ;
; V3       ;            ;          ; NC                                               ;        ;              ;         ; --         ;                 ; --       ; --           ;
; V4       ; 20         ; 3        ; ^nSTATUS                                         ;        ;              ;         ; --         ;                 ; --       ; --           ;
; V5       ; 27         ; 3        ; RESERVED_INPUT_WITH_WEAK_PULLUP                  ;        ;              ;         ; Column I/O ;                 ; no       ; On           ;
; V6       ; 28         ; 3        ; RESERVED_INPUT_WITH_WEAK_PULLUP                  ;        ;              ;         ; Column I/O ;                 ; no       ; On           ;
; V7       ; 34         ; 3        ; RESERVED_INPUT_WITH_WEAK_PULLUP                  ;        ;              ;         ; Column I/O ;                 ; no       ; On           ;
; V8       ; 38         ; 3        ; RESERVED_INPUT_WITH_WEAK_PULLUP                  ;        ;              ;         ; Column I/O ;                 ; no       ; On           ;
; V9       ; 41         ; 3        ; RESERVED_INPUT_WITH_WEAK_PULLUP                  ;        ;              ;         ; Column I/O ;                 ; no       ; On           ;
; V10      ; 42         ; 3        ; RESERVED_INPUT_WITH_WEAK_PULLUP                  ;        ;              ;         ; Column I/O ;                 ; no       ; On           ;
; V11      ; 49         ; 4        ; GND+                                             ;        ;              ;         ; Column I/O ;                 ; --       ; --           ;
; V12      ; 50         ; 4        ; GND+                                             ;        ;              ;         ; Column I/O ;                 ; --       ; --           ;
; V13      ; 52         ; 4        ; w_data[1]                                        ; input  ; 2.5 V        ;         ; Column I/O ; N               ; no       ; Off          ;
; V14      ; 57         ; 4        ; RESERVED_INPUT_WITH_WEAK_PULLUP                  ;        ;              ;         ; Column I/O ;                 ; no       ; On           ;
; V15      ; 58         ; 4        ; RESERVED_INPUT_WITH_WEAK_PULLUP                  ;        ;              ;         ; Column I/O ;                 ; no       ; On           ;
; V16      ; 67         ; 4        ; RESERVED_INPUT_WITH_WEAK_PULLUP                  ;        ;              ;         ; Column I/O ;                 ; no       ; On           ;
; V17      ; 68         ; 4        ; RESERVED_INPUT_WITH_WEAK_PULLUP                  ;        ;              ;         ; Column I/O ;                 ; no       ; On           ;
; V18      ; 70         ; 4        ; RESERVED_INPUT_WITH_WEAK_PULLUP                  ;        ;              ;         ; Column I/O ;                 ; no       ; On           ;
+----------+------------+----------+--------------------------------------------------+--------+--------------+---------+------------+-----------------+----------+--------------+
Note: Pin directions (input, output or bidir) are based on device operating in user mode.


+-----------------------------------------------------------------------------------------------------------------------------------------------------------------------------------------------------------------------------------------------------------------------------------------------------------------------------------------------------------------+
; Fitter Resource Utilization by Entity                                                                                                                                                                                                                                                                                                                           ;
+-------------------------------------------+-------------+---------------------------+---------------+-------------+------+--------------+---------+-----------+-----------+------+--------------+--------------+-------------------+------------------+------------------------------------------------------------------------------------------+--------------+
; Compilation Hierarchy Node                ; Logic Cells ; Dedicated Logic Registers ; I/O Registers ; Memory Bits ; M9Ks ; DSP Elements ; DSP 9x9 ; DSP 18x18 ; DSP 36x36 ; Pins ; Virtual Pins ; LUT-Only LCs ; Register-Only LCs ; LUT/Register LCs ; Full Hierarchy Name                                                                      ; Library Name ;
+-------------------------------------------+-------------+---------------------------+---------------+-------------+------+--------------+---------+-----------+-----------+------+--------------+--------------+-------------------+------------------+------------------------------------------------------------------------------------------+--------------+
; |banco_de_registadores_top                ; 192 (0)     ; 128 (0)                   ; 0 (0)         ; 0           ; 0    ; 0            ; 0       ; 0         ; 0         ; 55   ; 0            ; 64 (0)       ; 0 (0)             ; 128 (0)          ; |banco_de_registadores_top                                                               ; work         ;
;    |decoder_4_to_16:inst|                 ; 32 (32)     ; 0 (0)                     ; 0 (0)         ; 0           ; 0    ; 0            ; 0       ; 0         ; 0         ; 0    ; 0            ; 32 (32)      ; 0 (0)             ; 0 (0)            ; |banco_de_registadores_top|decoder_4_to_16:inst                                          ; work         ;
;    |mux_16to1_8bit:Porta_A_Leitura|       ; 80 (80)     ; 0 (0)                     ; 0 (0)         ; 0           ; 0    ; 0            ; 0       ; 0         ; 0         ; 0    ; 0            ; 16 (16)      ; 0 (0)             ; 64 (64)          ; |banco_de_registadores_top|mux_16to1_8bit:Porta_A_Leitura                                ; work         ;
;    |mux_16to1_8bit:Porta_B_Leitura|       ; 80 (80)     ; 0 (0)                     ; 0 (0)         ; 0           ; 0    ; 0            ; 0       ; 0         ; 0         ; 0    ; 0            ; 16 (16)      ; 0 (0)             ; 64 (64)          ; |banco_de_registadores_top|mux_16to1_8bit:Porta_B_Leitura                                ; work         ;
;    |register_8bit:8_registrador|          ; 8 (0)       ; 8 (0)                     ; 0 (0)         ; 0           ; 0    ; 0            ; 0       ; 0         ; 0         ; 0    ; 0            ; 0 (0)        ; 0 (0)             ; 8 (0)            ; |banco_de_registadores_top|register_8bit:8_registrador                                   ; work         ;
;       |d_flip_flop:dff_block[0].dff_inst| ; 1 (1)       ; 1 (1)                     ; 0 (0)         ; 0           ; 0    ; 0            ; 0       ; 0         ; 0         ; 0    ; 0            ; 0 (0)        ; 0 (0)             ; 1 (1)            ; |banco_de_registadores_top|register_8bit:8_registrador|d_flip_flop:dff_block[0].dff_inst ; work         ;
;       |d_flip_flop:dff_block[1].dff_inst| ; 1 (1)       ; 1 (1)                     ; 0 (0)         ; 0           ; 0    ; 0            ; 0       ; 0         ; 0         ; 0    ; 0            ; 0 (0)        ; 0 (0)             ; 1 (1)            ; |banco_de_registadores_top|register_8bit:8_registrador|d_flip_flop:dff_block[1].dff_inst ; work         ;
;       |d_flip_flop:dff_block[2].dff_inst| ; 1 (1)       ; 1 (1)                     ; 0 (0)         ; 0           ; 0    ; 0            ; 0       ; 0         ; 0         ; 0    ; 0            ; 0 (0)        ; 0 (0)             ; 1 (1)            ; |banco_de_registadores_top|register_8bit:8_registrador|d_flip_flop:dff_block[2].dff_inst ; work         ;
;       |d_flip_flop:dff_block[3].dff_inst| ; 1 (1)       ; 1 (1)                     ; 0 (0)         ; 0           ; 0    ; 0            ; 0       ; 0         ; 0         ; 0    ; 0            ; 0 (0)        ; 0 (0)             ; 1 (1)            ; |banco_de_registadores_top|register_8bit:8_registrador|d_flip_flop:dff_block[3].dff_inst ; work         ;
;       |d_flip_flop:dff_block[4].dff_inst| ; 1 (1)       ; 1 (1)                     ; 0 (0)         ; 0           ; 0    ; 0            ; 0       ; 0         ; 0         ; 0    ; 0            ; 0 (0)        ; 0 (0)             ; 1 (1)            ; |banco_de_registadores_top|register_8bit:8_registrador|d_flip_flop:dff_block[4].dff_inst ; work         ;
;       |d_flip_flop:dff_block[5].dff_inst| ; 1 (1)       ; 1 (1)                     ; 0 (0)         ; 0           ; 0    ; 0            ; 0       ; 0         ; 0         ; 0    ; 0            ; 0 (0)        ; 0 (0)             ; 1 (1)            ; |banco_de_registadores_top|register_8bit:8_registrador|d_flip_flop:dff_block[5].dff_inst ; work         ;
;       |d_flip_flop:dff_block[6].dff_inst| ; 1 (1)       ; 1 (1)                     ; 0 (0)         ; 0           ; 0    ; 0            ; 0       ; 0         ; 0         ; 0    ; 0            ; 0 (0)        ; 0 (0)             ; 1 (1)            ; |banco_de_registadores_top|register_8bit:8_registrador|d_flip_flop:dff_block[6].dff_inst ; work         ;
;       |d_flip_flop:dff_block[7].dff_inst| ; 1 (1)       ; 1 (1)                     ; 0 (0)         ; 0           ; 0    ; 0            ; 0       ; 0         ; 0         ; 0    ; 0            ; 0 (0)        ; 0 (0)             ; 1 (1)            ; |banco_de_registadores_top|register_8bit:8_registrador|d_flip_flop:dff_block[7].dff_inst ; work         ;
;    |register_8bit:inst11|                 ; 8 (0)       ; 8 (0)                     ; 0 (0)         ; 0           ; 0    ; 0            ; 0       ; 0         ; 0         ; 0    ; 0            ; 0 (0)        ; 0 (0)             ; 8 (0)            ; |banco_de_registadores_top|register_8bit:inst11                                          ; work         ;
;       |d_flip_flop:dff_block[0].dff_inst| ; 1 (1)       ; 1 (1)                     ; 0 (0)         ; 0           ; 0    ; 0            ; 0       ; 0         ; 0         ; 0    ; 0            ; 0 (0)        ; 0 (0)             ; 1 (1)            ; |banco_de_registadores_top|register_8bit:inst11|d_flip_flop:dff_block[0].dff_inst        ; work         ;
;       |d_flip_flop:dff_block[1].dff_inst| ; 1 (1)       ; 1 (1)                     ; 0 (0)         ; 0           ; 0    ; 0            ; 0       ; 0         ; 0         ; 0    ; 0            ; 0 (0)        ; 0 (0)             ; 1 (1)            ; |banco_de_registadores_top|register_8bit:inst11|d_flip_flop:dff_block[1].dff_inst        ; work         ;
;       |d_flip_flop:dff_block[2].dff_inst| ; 1 (1)       ; 1 (1)                     ; 0 (0)         ; 0           ; 0    ; 0            ; 0       ; 0         ; 0         ; 0    ; 0            ; 0 (0)        ; 0 (0)             ; 1 (1)            ; |banco_de_registadores_top|register_8bit:inst11|d_flip_flop:dff_block[2].dff_inst        ; work         ;
;       |d_flip_flop:dff_block[3].dff_inst| ; 1 (1)       ; 1 (1)                     ; 0 (0)         ; 0           ; 0    ; 0            ; 0       ; 0         ; 0         ; 0    ; 0            ; 0 (0)        ; 0 (0)             ; 1 (1)            ; |banco_de_registadores_top|register_8bit:inst11|d_flip_flop:dff_block[3].dff_inst        ; work         ;
;       |d_flip_flop:dff_block[4].dff_inst| ; 1 (1)       ; 1 (1)                     ; 0 (0)         ; 0           ; 0    ; 0            ; 0       ; 0         ; 0         ; 0    ; 0            ; 0 (0)        ; 0 (0)             ; 1 (1)            ; |banco_de_registadores_top|register_8bit:inst11|d_flip_flop:dff_block[4].dff_inst        ; work         ;
;       |d_flip_flop:dff_block[5].dff_inst| ; 1 (1)       ; 1 (1)                     ; 0 (0)         ; 0           ; 0    ; 0            ; 0       ; 0         ; 0         ; 0    ; 0            ; 0 (0)        ; 0 (0)             ; 1 (1)            ; |banco_de_registadores_top|register_8bit:inst11|d_flip_flop:dff_block[5].dff_inst        ; work         ;
;       |d_flip_flop:dff_block[6].dff_inst| ; 1 (1)       ; 1 (1)                     ; 0 (0)         ; 0           ; 0    ; 0            ; 0       ; 0         ; 0         ; 0    ; 0            ; 0 (0)        ; 0 (0)             ; 1 (1)            ; |banco_de_registadores_top|register_8bit:inst11|d_flip_flop:dff_block[6].dff_inst        ; work         ;
;       |d_flip_flop:dff_block[7].dff_inst| ; 1 (1)       ; 1 (1)                     ; 0 (0)         ; 0           ; 0    ; 0            ; 0       ; 0         ; 0         ; 0    ; 0            ; 0 (0)        ; 0 (0)             ; 1 (1)            ; |banco_de_registadores_top|register_8bit:inst11|d_flip_flop:dff_block[7].dff_inst        ; work         ;
;    |register_8bit:inst12|                 ; 8 (0)       ; 8 (0)                     ; 0 (0)         ; 0           ; 0    ; 0            ; 0       ; 0         ; 0         ; 0    ; 0            ; 0 (0)        ; 0 (0)             ; 8 (0)            ; |banco_de_registadores_top|register_8bit:inst12                                          ; work         ;
;       |d_flip_flop:dff_block[0].dff_inst| ; 1 (1)       ; 1 (1)                     ; 0 (0)         ; 0           ; 0    ; 0            ; 0       ; 0         ; 0         ; 0    ; 0            ; 0 (0)        ; 0 (0)             ; 1 (1)            ; |banco_de_registadores_top|register_8bit:inst12|d_flip_flop:dff_block[0].dff_inst        ; work         ;
;       |d_flip_flop:dff_block[1].dff_inst| ; 1 (1)       ; 1 (1)                     ; 0 (0)         ; 0           ; 0    ; 0            ; 0       ; 0         ; 0         ; 0    ; 0            ; 0 (0)        ; 0 (0)             ; 1 (1)            ; |banco_de_registadores_top|register_8bit:inst12|d_flip_flop:dff_block[1].dff_inst        ; work         ;
;       |d_flip_flop:dff_block[2].dff_inst| ; 1 (1)       ; 1 (1)                     ; 0 (0)         ; 0           ; 0    ; 0            ; 0       ; 0         ; 0         ; 0    ; 0            ; 0 (0)        ; 0 (0)             ; 1 (1)            ; |banco_de_registadores_top|register_8bit:inst12|d_flip_flop:dff_block[2].dff_inst        ; work         ;
;       |d_flip_flop:dff_block[3].dff_inst| ; 1 (1)       ; 1 (1)                     ; 0 (0)         ; 0           ; 0    ; 0            ; 0       ; 0         ; 0         ; 0    ; 0            ; 0 (0)        ; 0 (0)             ; 1 (1)            ; |banco_de_registadores_top|register_8bit:inst12|d_flip_flop:dff_block[3].dff_inst        ; work         ;
;       |d_flip_flop:dff_block[4].dff_inst| ; 1 (1)       ; 1 (1)                     ; 0 (0)         ; 0           ; 0    ; 0            ; 0       ; 0         ; 0         ; 0    ; 0            ; 0 (0)        ; 0 (0)             ; 1 (1)            ; |banco_de_registadores_top|register_8bit:inst12|d_flip_flop:dff_block[4].dff_inst        ; work         ;
;       |d_flip_flop:dff_block[5].dff_inst| ; 1 (1)       ; 1 (1)                     ; 0 (0)         ; 0           ; 0    ; 0            ; 0       ; 0         ; 0         ; 0    ; 0            ; 0 (0)        ; 0 (0)             ; 1 (1)            ; |banco_de_registadores_top|register_8bit:inst12|d_flip_flop:dff_block[5].dff_inst        ; work         ;
;       |d_flip_flop:dff_block[6].dff_inst| ; 1 (1)       ; 1 (1)                     ; 0 (0)         ; 0           ; 0    ; 0            ; 0       ; 0         ; 0         ; 0    ; 0            ; 0 (0)        ; 0 (0)             ; 1 (1)            ; |banco_de_registadores_top|register_8bit:inst12|d_flip_flop:dff_block[6].dff_inst        ; work         ;
;       |d_flip_flop:dff_block[7].dff_inst| ; 1 (1)       ; 1 (1)                     ; 0 (0)         ; 0           ; 0    ; 0            ; 0       ; 0         ; 0         ; 0    ; 0            ; 0 (0)        ; 0 (0)             ; 1 (1)            ; |banco_de_registadores_top|register_8bit:inst12|d_flip_flop:dff_block[7].dff_inst        ; work         ;
;    |register_8bit:inst13|                 ; 8 (0)       ; 8 (0)                     ; 0 (0)         ; 0           ; 0    ; 0            ; 0       ; 0         ; 0         ; 0    ; 0            ; 0 (0)        ; 0 (0)             ; 8 (0)            ; |banco_de_registadores_top|register_8bit:inst13                                          ; work         ;
;       |d_flip_flop:dff_block[0].dff_inst| ; 1 (1)       ; 1 (1)                     ; 0 (0)         ; 0           ; 0    ; 0            ; 0       ; 0         ; 0         ; 0    ; 0            ; 0 (0)        ; 0 (0)             ; 1 (1)            ; |banco_de_registadores_top|register_8bit:inst13|d_flip_flop:dff_block[0].dff_inst        ; work         ;
;       |d_flip_flop:dff_block[1].dff_inst| ; 1 (1)       ; 1 (1)                     ; 0 (0)         ; 0           ; 0    ; 0            ; 0       ; 0         ; 0         ; 0    ; 0            ; 0 (0)        ; 0 (0)             ; 1 (1)            ; |banco_de_registadores_top|register_8bit:inst13|d_flip_flop:dff_block[1].dff_inst        ; work         ;
;       |d_flip_flop:dff_block[2].dff_inst| ; 1 (1)       ; 1 (1)                     ; 0 (0)         ; 0           ; 0    ; 0            ; 0       ; 0         ; 0         ; 0    ; 0            ; 0 (0)        ; 0 (0)             ; 1 (1)            ; |banco_de_registadores_top|register_8bit:inst13|d_flip_flop:dff_block[2].dff_inst        ; work         ;
;       |d_flip_flop:dff_block[3].dff_inst| ; 1 (1)       ; 1 (1)                     ; 0 (0)         ; 0           ; 0    ; 0            ; 0       ; 0         ; 0         ; 0    ; 0            ; 0 (0)        ; 0 (0)             ; 1 (1)            ; |banco_de_registadores_top|register_8bit:inst13|d_flip_flop:dff_block[3].dff_inst        ; work         ;
;       |d_flip_flop:dff_block[4].dff_inst| ; 1 (1)       ; 1 (1)                     ; 0 (0)         ; 0           ; 0    ; 0            ; 0       ; 0         ; 0         ; 0    ; 0            ; 0 (0)        ; 0 (0)             ; 1 (1)            ; |banco_de_registadores_top|register_8bit:inst13|d_flip_flop:dff_block[4].dff_inst        ; work         ;
;       |d_flip_flop:dff_block[5].dff_inst| ; 1 (1)       ; 1 (1)                     ; 0 (0)         ; 0           ; 0    ; 0            ; 0       ; 0         ; 0         ; 0    ; 0            ; 0 (0)        ; 0 (0)             ; 1 (1)            ; |banco_de_registadores_top|register_8bit:inst13|d_flip_flop:dff_block[5].dff_inst        ; work         ;
;       |d_flip_flop:dff_block[6].dff_inst| ; 1 (1)       ; 1 (1)                     ; 0 (0)         ; 0           ; 0    ; 0            ; 0       ; 0         ; 0         ; 0    ; 0            ; 0 (0)        ; 0 (0)             ; 1 (1)            ; |banco_de_registadores_top|register_8bit:inst13|d_flip_flop:dff_block[6].dff_inst        ; work         ;
;       |d_flip_flop:dff_block[7].dff_inst| ; 1 (1)       ; 1 (1)                     ; 0 (0)         ; 0           ; 0    ; 0            ; 0       ; 0         ; 0         ; 0    ; 0            ; 0 (0)        ; 0 (0)             ; 1 (1)            ; |banco_de_registadores_top|register_8bit:inst13|d_flip_flop:dff_block[7].dff_inst        ; work         ;
;    |register_8bit:inst14|                 ; 8 (0)       ; 8 (0)                     ; 0 (0)         ; 0           ; 0    ; 0            ; 0       ; 0         ; 0         ; 0    ; 0            ; 0 (0)        ; 0 (0)             ; 8 (0)            ; |banco_de_registadores_top|register_8bit:inst14                                          ; work         ;
;       |d_flip_flop:dff_block[0].dff_inst| ; 1 (1)       ; 1 (1)                     ; 0 (0)         ; 0           ; 0    ; 0            ; 0       ; 0         ; 0         ; 0    ; 0            ; 0 (0)        ; 0 (0)             ; 1 (1)            ; |banco_de_registadores_top|register_8bit:inst14|d_flip_flop:dff_block[0].dff_inst        ; work         ;
;       |d_flip_flop:dff_block[1].dff_inst| ; 1 (1)       ; 1 (1)                     ; 0 (0)         ; 0           ; 0    ; 0            ; 0       ; 0         ; 0         ; 0    ; 0            ; 0 (0)        ; 0 (0)             ; 1 (1)            ; |banco_de_registadores_top|register_8bit:inst14|d_flip_flop:dff_block[1].dff_inst        ; work         ;
;       |d_flip_flop:dff_block[2].dff_inst| ; 1 (1)       ; 1 (1)                     ; 0 (0)         ; 0           ; 0    ; 0            ; 0       ; 0         ; 0         ; 0    ; 0            ; 0 (0)        ; 0 (0)             ; 1 (1)            ; |banco_de_registadores_top|register_8bit:inst14|d_flip_flop:dff_block[2].dff_inst        ; work         ;
;       |d_flip_flop:dff_block[3].dff_inst| ; 1 (1)       ; 1 (1)                     ; 0 (0)         ; 0           ; 0    ; 0            ; 0       ; 0         ; 0         ; 0    ; 0            ; 0 (0)        ; 0 (0)             ; 1 (1)            ; |banco_de_registadores_top|register_8bit:inst14|d_flip_flop:dff_block[3].dff_inst        ; work         ;
;       |d_flip_flop:dff_block[4].dff_inst| ; 1 (1)       ; 1 (1)                     ; 0 (0)         ; 0           ; 0    ; 0            ; 0       ; 0         ; 0         ; 0    ; 0            ; 0 (0)        ; 0 (0)             ; 1 (1)            ; |banco_de_registadores_top|register_8bit:inst14|d_flip_flop:dff_block[4].dff_inst        ; work         ;
;       |d_flip_flop:dff_block[5].dff_inst| ; 1 (1)       ; 1 (1)                     ; 0 (0)         ; 0           ; 0    ; 0            ; 0       ; 0         ; 0         ; 0    ; 0            ; 0 (0)        ; 0 (0)             ; 1 (1)            ; |banco_de_registadores_top|register_8bit:inst14|d_flip_flop:dff_block[5].dff_inst        ; work         ;
;       |d_flip_flop:dff_block[6].dff_inst| ; 1 (1)       ; 1 (1)                     ; 0 (0)         ; 0           ; 0    ; 0            ; 0       ; 0         ; 0         ; 0    ; 0            ; 0 (0)        ; 0 (0)             ; 1 (1)            ; |banco_de_registadores_top|register_8bit:inst14|d_flip_flop:dff_block[6].dff_inst        ; work         ;
;       |d_flip_flop:dff_block[7].dff_inst| ; 1 (1)       ; 1 (1)                     ; 0 (0)         ; 0           ; 0    ; 0            ; 0       ; 0         ; 0         ; 0    ; 0            ; 0 (0)        ; 0 (0)             ; 1 (1)            ; |banco_de_registadores_top|register_8bit:inst14|d_flip_flop:dff_block[7].dff_inst        ; work         ;
;    |register_8bit:inst15|                 ; 8 (0)       ; 8 (0)                     ; 0 (0)         ; 0           ; 0    ; 0            ; 0       ; 0         ; 0         ; 0    ; 0            ; 0 (0)        ; 0 (0)             ; 8 (0)            ; |banco_de_registadores_top|register_8bit:inst15                                          ; work         ;
;       |d_flip_flop:dff_block[0].dff_inst| ; 1 (1)       ; 1 (1)                     ; 0 (0)         ; 0           ; 0    ; 0            ; 0       ; 0         ; 0         ; 0    ; 0            ; 0 (0)        ; 0 (0)             ; 1 (1)            ; |banco_de_registadores_top|register_8bit:inst15|d_flip_flop:dff_block[0].dff_inst        ; work         ;
;       |d_flip_flop:dff_block[1].dff_inst| ; 1 (1)       ; 1 (1)                     ; 0 (0)         ; 0           ; 0    ; 0            ; 0       ; 0         ; 0         ; 0    ; 0            ; 0 (0)        ; 0 (0)             ; 1 (1)            ; |banco_de_registadores_top|register_8bit:inst15|d_flip_flop:dff_block[1].dff_inst        ; work         ;
;       |d_flip_flop:dff_block[2].dff_inst| ; 1 (1)       ; 1 (1)                     ; 0 (0)         ; 0           ; 0    ; 0            ; 0       ; 0         ; 0         ; 0    ; 0            ; 0 (0)        ; 0 (0)             ; 1 (1)            ; |banco_de_registadores_top|register_8bit:inst15|d_flip_flop:dff_block[2].dff_inst        ; work         ;
;       |d_flip_flop:dff_block[3].dff_inst| ; 1 (1)       ; 1 (1)                     ; 0 (0)         ; 0           ; 0    ; 0            ; 0       ; 0         ; 0         ; 0    ; 0            ; 0 (0)        ; 0 (0)             ; 1 (1)            ; |banco_de_registadores_top|register_8bit:inst15|d_flip_flop:dff_block[3].dff_inst        ; work         ;
;       |d_flip_flop:dff_block[4].dff_inst| ; 1 (1)       ; 1 (1)                     ; 0 (0)         ; 0           ; 0    ; 0            ; 0       ; 0         ; 0         ; 0    ; 0            ; 0 (0)        ; 0 (0)             ; 1 (1)            ; |banco_de_registadores_top|register_8bit:inst15|d_flip_flop:dff_block[4].dff_inst        ; work         ;
;       |d_flip_flop:dff_block[5].dff_inst| ; 1 (1)       ; 1 (1)                     ; 0 (0)         ; 0           ; 0    ; 0            ; 0       ; 0         ; 0         ; 0    ; 0            ; 0 (0)        ; 0 (0)             ; 1 (1)            ; |banco_de_registadores_top|register_8bit:inst15|d_flip_flop:dff_block[5].dff_inst        ; work         ;
;       |d_flip_flop:dff_block[6].dff_inst| ; 1 (1)       ; 1 (1)                     ; 0 (0)         ; 0           ; 0    ; 0            ; 0       ; 0         ; 0         ; 0    ; 0            ; 0 (0)        ; 0 (0)             ; 1 (1)            ; |banco_de_registadores_top|register_8bit:inst15|d_flip_flop:dff_block[6].dff_inst        ; work         ;
;       |d_flip_flop:dff_block[7].dff_inst| ; 1 (1)       ; 1 (1)                     ; 0 (0)         ; 0           ; 0    ; 0            ; 0       ; 0         ; 0         ; 0    ; 0            ; 0 (0)        ; 0 (0)             ; 1 (1)            ; |banco_de_registadores_top|register_8bit:inst15|d_flip_flop:dff_block[7].dff_inst        ; work         ;
;    |register_8bit:inst16|                 ; 8 (0)       ; 8 (0)                     ; 0 (0)         ; 0           ; 0    ; 0            ; 0       ; 0         ; 0         ; 0    ; 0            ; 0 (0)        ; 0 (0)             ; 8 (0)            ; |banco_de_registadores_top|register_8bit:inst16                                          ; work         ;
;       |d_flip_flop:dff_block[0].dff_inst| ; 1 (1)       ; 1 (1)                     ; 0 (0)         ; 0           ; 0    ; 0            ; 0       ; 0         ; 0         ; 0    ; 0            ; 0 (0)        ; 0 (0)             ; 1 (1)            ; |banco_de_registadores_top|register_8bit:inst16|d_flip_flop:dff_block[0].dff_inst        ; work         ;
;       |d_flip_flop:dff_block[1].dff_inst| ; 1 (1)       ; 1 (1)                     ; 0 (0)         ; 0           ; 0    ; 0            ; 0       ; 0         ; 0         ; 0    ; 0            ; 0 (0)        ; 0 (0)             ; 1 (1)            ; |banco_de_registadores_top|register_8bit:inst16|d_flip_flop:dff_block[1].dff_inst        ; work         ;
;       |d_flip_flop:dff_block[2].dff_inst| ; 1 (1)       ; 1 (1)                     ; 0 (0)         ; 0           ; 0    ; 0            ; 0       ; 0         ; 0         ; 0    ; 0            ; 0 (0)        ; 0 (0)             ; 1 (1)            ; |banco_de_registadores_top|register_8bit:inst16|d_flip_flop:dff_block[2].dff_inst        ; work         ;
;       |d_flip_flop:dff_block[3].dff_inst| ; 1 (1)       ; 1 (1)                     ; 0 (0)         ; 0           ; 0    ; 0            ; 0       ; 0         ; 0         ; 0    ; 0            ; 0 (0)        ; 0 (0)             ; 1 (1)            ; |banco_de_registadores_top|register_8bit:inst16|d_flip_flop:dff_block[3].dff_inst        ; work         ;
;       |d_flip_flop:dff_block[4].dff_inst| ; 1 (1)       ; 1 (1)                     ; 0 (0)         ; 0           ; 0    ; 0            ; 0       ; 0         ; 0         ; 0    ; 0            ; 0 (0)        ; 0 (0)             ; 1 (1)            ; |banco_de_registadores_top|register_8bit:inst16|d_flip_flop:dff_block[4].dff_inst        ; work         ;
;       |d_flip_flop:dff_block[5].dff_inst| ; 1 (1)       ; 1 (1)                     ; 0 (0)         ; 0           ; 0    ; 0            ; 0       ; 0         ; 0         ; 0    ; 0            ; 0 (0)        ; 0 (0)             ; 1 (1)            ; |banco_de_registadores_top|register_8bit:inst16|d_flip_flop:dff_block[5].dff_inst        ; work         ;
;       |d_flip_flop:dff_block[6].dff_inst| ; 1 (1)       ; 1 (1)                     ; 0 (0)         ; 0           ; 0    ; 0            ; 0       ; 0         ; 0         ; 0    ; 0            ; 0 (0)        ; 0 (0)             ; 1 (1)            ; |banco_de_registadores_top|register_8bit:inst16|d_flip_flop:dff_block[6].dff_inst        ; work         ;
;       |d_flip_flop:dff_block[7].dff_inst| ; 1 (1)       ; 1 (1)                     ; 0 (0)         ; 0           ; 0    ; 0            ; 0       ; 0         ; 0         ; 0    ; 0            ; 0 (0)        ; 0 (0)             ; 1 (1)            ; |banco_de_registadores_top|register_8bit:inst16|d_flip_flop:dff_block[7].dff_inst        ; work         ;
;    |register_8bit:inst17|                 ; 8 (0)       ; 8 (0)                     ; 0 (0)         ; 0           ; 0    ; 0            ; 0       ; 0         ; 0         ; 0    ; 0            ; 0 (0)        ; 0 (0)             ; 8 (0)            ; |banco_de_registadores_top|register_8bit:inst17                                          ; work         ;
;       |d_flip_flop:dff_block[0].dff_inst| ; 1 (1)       ; 1 (1)                     ; 0 (0)         ; 0           ; 0    ; 0            ; 0       ; 0         ; 0         ; 0    ; 0            ; 0 (0)        ; 0 (0)             ; 1 (1)            ; |banco_de_registadores_top|register_8bit:inst17|d_flip_flop:dff_block[0].dff_inst        ; work         ;
;       |d_flip_flop:dff_block[1].dff_inst| ; 1 (1)       ; 1 (1)                     ; 0 (0)         ; 0           ; 0    ; 0            ; 0       ; 0         ; 0         ; 0    ; 0            ; 0 (0)        ; 0 (0)             ; 1 (1)            ; |banco_de_registadores_top|register_8bit:inst17|d_flip_flop:dff_block[1].dff_inst        ; work         ;
;       |d_flip_flop:dff_block[2].dff_inst| ; 1 (1)       ; 1 (1)                     ; 0 (0)         ; 0           ; 0    ; 0            ; 0       ; 0         ; 0         ; 0    ; 0            ; 0 (0)        ; 0 (0)             ; 1 (1)            ; |banco_de_registadores_top|register_8bit:inst17|d_flip_flop:dff_block[2].dff_inst        ; work         ;
;       |d_flip_flop:dff_block[3].dff_inst| ; 1 (1)       ; 1 (1)                     ; 0 (0)         ; 0           ; 0    ; 0            ; 0       ; 0         ; 0         ; 0    ; 0            ; 0 (0)        ; 0 (0)             ; 1 (1)            ; |banco_de_registadores_top|register_8bit:inst17|d_flip_flop:dff_block[3].dff_inst        ; work         ;
;       |d_flip_flop:dff_block[4].dff_inst| ; 1 (1)       ; 1 (1)                     ; 0 (0)         ; 0           ; 0    ; 0            ; 0       ; 0         ; 0         ; 0    ; 0            ; 0 (0)        ; 0 (0)             ; 1 (1)            ; |banco_de_registadores_top|register_8bit:inst17|d_flip_flop:dff_block[4].dff_inst        ; work         ;
;       |d_flip_flop:dff_block[5].dff_inst| ; 1 (1)       ; 1 (1)                     ; 0 (0)         ; 0           ; 0    ; 0            ; 0       ; 0         ; 0         ; 0    ; 0            ; 0 (0)        ; 0 (0)             ; 1 (1)            ; |banco_de_registadores_top|register_8bit:inst17|d_flip_flop:dff_block[5].dff_inst        ; work         ;
;       |d_flip_flop:dff_block[6].dff_inst| ; 1 (1)       ; 1 (1)                     ; 0 (0)         ; 0           ; 0    ; 0            ; 0       ; 0         ; 0         ; 0    ; 0            ; 0 (0)        ; 0 (0)             ; 1 (1)            ; |banco_de_registadores_top|register_8bit:inst17|d_flip_flop:dff_block[6].dff_inst        ; work         ;
;       |d_flip_flop:dff_block[7].dff_inst| ; 1 (1)       ; 1 (1)                     ; 0 (0)         ; 0           ; 0    ; 0            ; 0       ; 0         ; 0         ; 0    ; 0            ; 0 (0)        ; 0 (0)             ; 1 (1)            ; |banco_de_registadores_top|register_8bit:inst17|d_flip_flop:dff_block[7].dff_inst        ; work         ;
;    |register_8bit:inst18|                 ; 8 (0)       ; 8 (0)                     ; 0 (0)         ; 0           ; 0    ; 0            ; 0       ; 0         ; 0         ; 0    ; 0            ; 0 (0)        ; 0 (0)             ; 8 (0)            ; |banco_de_registadores_top|register_8bit:inst18                                          ; work         ;
;       |d_flip_flop:dff_block[0].dff_inst| ; 1 (1)       ; 1 (1)                     ; 0 (0)         ; 0           ; 0    ; 0            ; 0       ; 0         ; 0         ; 0    ; 0            ; 0 (0)        ; 0 (0)             ; 1 (1)            ; |banco_de_registadores_top|register_8bit:inst18|d_flip_flop:dff_block[0].dff_inst        ; work         ;
;       |d_flip_flop:dff_block[1].dff_inst| ; 1 (1)       ; 1 (1)                     ; 0 (0)         ; 0           ; 0    ; 0            ; 0       ; 0         ; 0         ; 0    ; 0            ; 0 (0)        ; 0 (0)             ; 1 (1)            ; |banco_de_registadores_top|register_8bit:inst18|d_flip_flop:dff_block[1].dff_inst        ; work         ;
;       |d_flip_flop:dff_block[2].dff_inst| ; 1 (1)       ; 1 (1)                     ; 0 (0)         ; 0           ; 0    ; 0            ; 0       ; 0         ; 0         ; 0    ; 0            ; 0 (0)        ; 0 (0)             ; 1 (1)            ; |banco_de_registadores_top|register_8bit:inst18|d_flip_flop:dff_block[2].dff_inst        ; work         ;
;       |d_flip_flop:dff_block[3].dff_inst| ; 1 (1)       ; 1 (1)                     ; 0 (0)         ; 0           ; 0    ; 0            ; 0       ; 0         ; 0         ; 0    ; 0            ; 0 (0)        ; 0 (0)             ; 1 (1)            ; |banco_de_registadores_top|register_8bit:inst18|d_flip_flop:dff_block[3].dff_inst        ; work         ;
;       |d_flip_flop:dff_block[4].dff_inst| ; 1 (1)       ; 1 (1)                     ; 0 (0)         ; 0           ; 0    ; 0            ; 0       ; 0         ; 0         ; 0    ; 0            ; 0 (0)        ; 0 (0)             ; 1 (1)            ; |banco_de_registadores_top|register_8bit:inst18|d_flip_flop:dff_block[4].dff_inst        ; work         ;
;       |d_flip_flop:dff_block[5].dff_inst| ; 1 (1)       ; 1 (1)                     ; 0 (0)         ; 0           ; 0    ; 0            ; 0       ; 0         ; 0         ; 0    ; 0            ; 0 (0)        ; 0 (0)             ; 1 (1)            ; |banco_de_registadores_top|register_8bit:inst18|d_flip_flop:dff_block[5].dff_inst        ; work         ;
;       |d_flip_flop:dff_block[6].dff_inst| ; 1 (1)       ; 1 (1)                     ; 0 (0)         ; 0           ; 0    ; 0            ; 0       ; 0         ; 0         ; 0    ; 0            ; 0 (0)        ; 0 (0)             ; 1 (1)            ; |banco_de_registadores_top|register_8bit:inst18|d_flip_flop:dff_block[6].dff_inst        ; work         ;
;       |d_flip_flop:dff_block[7].dff_inst| ; 1 (1)       ; 1 (1)                     ; 0 (0)         ; 0           ; 0    ; 0            ; 0       ; 0         ; 0         ; 0    ; 0            ; 0 (0)        ; 0 (0)             ; 1 (1)            ; |banco_de_registadores_top|register_8bit:inst18|d_flip_flop:dff_block[7].dff_inst        ; work         ;
;    |register_8bit:inst3|                  ; 8 (0)       ; 8 (0)                     ; 0 (0)         ; 0           ; 0    ; 0            ; 0       ; 0         ; 0         ; 0    ; 0            ; 0 (0)        ; 0 (0)             ; 8 (0)            ; |banco_de_registadores_top|register_8bit:inst3                                           ; work         ;
;       |d_flip_flop:dff_block[0].dff_inst| ; 1 (1)       ; 1 (1)                     ; 0 (0)         ; 0           ; 0    ; 0            ; 0       ; 0         ; 0         ; 0    ; 0            ; 0 (0)        ; 0 (0)             ; 1 (1)            ; |banco_de_registadores_top|register_8bit:inst3|d_flip_flop:dff_block[0].dff_inst         ; work         ;
;       |d_flip_flop:dff_block[1].dff_inst| ; 1 (1)       ; 1 (1)                     ; 0 (0)         ; 0           ; 0    ; 0            ; 0       ; 0         ; 0         ; 0    ; 0            ; 0 (0)        ; 0 (0)             ; 1 (1)            ; |banco_de_registadores_top|register_8bit:inst3|d_flip_flop:dff_block[1].dff_inst         ; work         ;
;       |d_flip_flop:dff_block[2].dff_inst| ; 1 (1)       ; 1 (1)                     ; 0 (0)         ; 0           ; 0    ; 0            ; 0       ; 0         ; 0         ; 0    ; 0            ; 0 (0)        ; 0 (0)             ; 1 (1)            ; |banco_de_registadores_top|register_8bit:inst3|d_flip_flop:dff_block[2].dff_inst         ; work         ;
;       |d_flip_flop:dff_block[3].dff_inst| ; 1 (1)       ; 1 (1)                     ; 0 (0)         ; 0           ; 0    ; 0            ; 0       ; 0         ; 0         ; 0    ; 0            ; 0 (0)        ; 0 (0)             ; 1 (1)            ; |banco_de_registadores_top|register_8bit:inst3|d_flip_flop:dff_block[3].dff_inst         ; work         ;
;       |d_flip_flop:dff_block[4].dff_inst| ; 1 (1)       ; 1 (1)                     ; 0 (0)         ; 0           ; 0    ; 0            ; 0       ; 0         ; 0         ; 0    ; 0            ; 0 (0)        ; 0 (0)             ; 1 (1)            ; |banco_de_registadores_top|register_8bit:inst3|d_flip_flop:dff_block[4].dff_inst         ; work         ;
;       |d_flip_flop:dff_block[5].dff_inst| ; 1 (1)       ; 1 (1)                     ; 0 (0)         ; 0           ; 0    ; 0            ; 0       ; 0         ; 0         ; 0    ; 0            ; 0 (0)        ; 0 (0)             ; 1 (1)            ; |banco_de_registadores_top|register_8bit:inst3|d_flip_flop:dff_block[5].dff_inst         ; work         ;
;       |d_flip_flop:dff_block[6].dff_inst| ; 1 (1)       ; 1 (1)                     ; 0 (0)         ; 0           ; 0    ; 0            ; 0       ; 0         ; 0         ; 0    ; 0            ; 0 (0)        ; 0 (0)             ; 1 (1)            ; |banco_de_registadores_top|register_8bit:inst3|d_flip_flop:dff_block[6].dff_inst         ; work         ;
;       |d_flip_flop:dff_block[7].dff_inst| ; 1 (1)       ; 1 (1)                     ; 0 (0)         ; 0           ; 0    ; 0            ; 0       ; 0         ; 0         ; 0    ; 0            ; 0 (0)        ; 0 (0)             ; 1 (1)            ; |banco_de_registadores_top|register_8bit:inst3|d_flip_flop:dff_block[7].dff_inst         ; work         ;
;    |register_8bit:inst4|                  ; 8 (0)       ; 8 (0)                     ; 0 (0)         ; 0           ; 0    ; 0            ; 0       ; 0         ; 0         ; 0    ; 0            ; 0 (0)        ; 0 (0)             ; 8 (0)            ; |banco_de_registadores_top|register_8bit:inst4                                           ; work         ;
;       |d_flip_flop:dff_block[0].dff_inst| ; 1 (1)       ; 1 (1)                     ; 0 (0)         ; 0           ; 0    ; 0            ; 0       ; 0         ; 0         ; 0    ; 0            ; 0 (0)        ; 0 (0)             ; 1 (1)            ; |banco_de_registadores_top|register_8bit:inst4|d_flip_flop:dff_block[0].dff_inst         ; work         ;
;       |d_flip_flop:dff_block[1].dff_inst| ; 1 (1)       ; 1 (1)                     ; 0 (0)         ; 0           ; 0    ; 0            ; 0       ; 0         ; 0         ; 0    ; 0            ; 0 (0)        ; 0 (0)             ; 1 (1)            ; |banco_de_registadores_top|register_8bit:inst4|d_flip_flop:dff_block[1].dff_inst         ; work         ;
;       |d_flip_flop:dff_block[2].dff_inst| ; 1 (1)       ; 1 (1)                     ; 0 (0)         ; 0           ; 0    ; 0            ; 0       ; 0         ; 0         ; 0    ; 0            ; 0 (0)        ; 0 (0)             ; 1 (1)            ; |banco_de_registadores_top|register_8bit:inst4|d_flip_flop:dff_block[2].dff_inst         ; work         ;
;       |d_flip_flop:dff_block[3].dff_inst| ; 1 (1)       ; 1 (1)                     ; 0 (0)         ; 0           ; 0    ; 0            ; 0       ; 0         ; 0         ; 0    ; 0            ; 0 (0)        ; 0 (0)             ; 1 (1)            ; |banco_de_registadores_top|register_8bit:inst4|d_flip_flop:dff_block[3].dff_inst         ; work         ;
;       |d_flip_flop:dff_block[4].dff_inst| ; 1 (1)       ; 1 (1)                     ; 0 (0)         ; 0           ; 0    ; 0            ; 0       ; 0         ; 0         ; 0    ; 0            ; 0 (0)        ; 0 (0)             ; 1 (1)            ; |banco_de_registadores_top|register_8bit:inst4|d_flip_flop:dff_block[4].dff_inst         ; work         ;
;       |d_flip_flop:dff_block[5].dff_inst| ; 1 (1)       ; 1 (1)                     ; 0 (0)         ; 0           ; 0    ; 0            ; 0       ; 0         ; 0         ; 0    ; 0            ; 0 (0)        ; 0 (0)             ; 1 (1)            ; |banco_de_registadores_top|register_8bit:inst4|d_flip_flop:dff_block[5].dff_inst         ; work         ;
;       |d_flip_flop:dff_block[6].dff_inst| ; 1 (1)       ; 1 (1)                     ; 0 (0)         ; 0           ; 0    ; 0            ; 0       ; 0         ; 0         ; 0    ; 0            ; 0 (0)        ; 0 (0)             ; 1 (1)            ; |banco_de_registadores_top|register_8bit:inst4|d_flip_flop:dff_block[6].dff_inst         ; work         ;
;       |d_flip_flop:dff_block[7].dff_inst| ; 1 (1)       ; 1 (1)                     ; 0 (0)         ; 0           ; 0    ; 0            ; 0       ; 0         ; 0         ; 0    ; 0            ; 0 (0)        ; 0 (0)             ; 1 (1)            ; |banco_de_registadores_top|register_8bit:inst4|d_flip_flop:dff_block[7].dff_inst         ; work         ;
;    |register_8bit:inst5|                  ; 8 (0)       ; 8 (0)                     ; 0 (0)         ; 0           ; 0    ; 0            ; 0       ; 0         ; 0         ; 0    ; 0            ; 0 (0)        ; 0 (0)             ; 8 (0)            ; |banco_de_registadores_top|register_8bit:inst5                                           ; work         ;
;       |d_flip_flop:dff_block[0].dff_inst| ; 1 (1)       ; 1 (1)                     ; 0 (0)         ; 0           ; 0    ; 0            ; 0       ; 0         ; 0         ; 0    ; 0            ; 0 (0)        ; 0 (0)             ; 1 (1)            ; |banco_de_registadores_top|register_8bit:inst5|d_flip_flop:dff_block[0].dff_inst         ; work         ;
;       |d_flip_flop:dff_block[1].dff_inst| ; 1 (1)       ; 1 (1)                     ; 0 (0)         ; 0           ; 0    ; 0            ; 0       ; 0         ; 0         ; 0    ; 0            ; 0 (0)        ; 0 (0)             ; 1 (1)            ; |banco_de_registadores_top|register_8bit:inst5|d_flip_flop:dff_block[1].dff_inst         ; work         ;
;       |d_flip_flop:dff_block[2].dff_inst| ; 1 (1)       ; 1 (1)                     ; 0 (0)         ; 0           ; 0    ; 0            ; 0       ; 0         ; 0         ; 0    ; 0            ; 0 (0)        ; 0 (0)             ; 1 (1)            ; |banco_de_registadores_top|register_8bit:inst5|d_flip_flop:dff_block[2].dff_inst         ; work         ;
;       |d_flip_flop:dff_block[3].dff_inst| ; 1 (1)       ; 1 (1)                     ; 0 (0)         ; 0           ; 0    ; 0            ; 0       ; 0         ; 0         ; 0    ; 0            ; 0 (0)        ; 0 (0)             ; 1 (1)            ; |banco_de_registadores_top|register_8bit:inst5|d_flip_flop:dff_block[3].dff_inst         ; work         ;
;       |d_flip_flop:dff_block[4].dff_inst| ; 1 (1)       ; 1 (1)                     ; 0 (0)         ; 0           ; 0    ; 0            ; 0       ; 0         ; 0         ; 0    ; 0            ; 0 (0)        ; 0 (0)             ; 1 (1)            ; |banco_de_registadores_top|register_8bit:inst5|d_flip_flop:dff_block[4].dff_inst         ; work         ;
;       |d_flip_flop:dff_block[5].dff_inst| ; 1 (1)       ; 1 (1)                     ; 0 (0)         ; 0           ; 0    ; 0            ; 0       ; 0         ; 0         ; 0    ; 0            ; 0 (0)        ; 0 (0)             ; 1 (1)            ; |banco_de_registadores_top|register_8bit:inst5|d_flip_flop:dff_block[5].dff_inst         ; work         ;
;       |d_flip_flop:dff_block[6].dff_inst| ; 1 (1)       ; 1 (1)                     ; 0 (0)         ; 0           ; 0    ; 0            ; 0       ; 0         ; 0         ; 0    ; 0            ; 0 (0)        ; 0 (0)             ; 1 (1)            ; |banco_de_registadores_top|register_8bit:inst5|d_flip_flop:dff_block[6].dff_inst         ; work         ;
;       |d_flip_flop:dff_block[7].dff_inst| ; 1 (1)       ; 1 (1)                     ; 0 (0)         ; 0           ; 0    ; 0            ; 0       ; 0         ; 0         ; 0    ; 0            ; 0 (0)        ; 0 (0)             ; 1 (1)            ; |banco_de_registadores_top|register_8bit:inst5|d_flip_flop:dff_block[7].dff_inst         ; work         ;
;    |register_8bit:inst6|                  ; 8 (0)       ; 8 (0)                     ; 0 (0)         ; 0           ; 0    ; 0            ; 0       ; 0         ; 0         ; 0    ; 0            ; 0 (0)        ; 0 (0)             ; 8 (0)            ; |banco_de_registadores_top|register_8bit:inst6                                           ; work         ;
;       |d_flip_flop:dff_block[0].dff_inst| ; 1 (1)       ; 1 (1)                     ; 0 (0)         ; 0           ; 0    ; 0            ; 0       ; 0         ; 0         ; 0    ; 0            ; 0 (0)        ; 0 (0)             ; 1 (1)            ; |banco_de_registadores_top|register_8bit:inst6|d_flip_flop:dff_block[0].dff_inst         ; work         ;
;       |d_flip_flop:dff_block[1].dff_inst| ; 1 (1)       ; 1 (1)                     ; 0 (0)         ; 0           ; 0    ; 0            ; 0       ; 0         ; 0         ; 0    ; 0            ; 0 (0)        ; 0 (0)             ; 1 (1)            ; |banco_de_registadores_top|register_8bit:inst6|d_flip_flop:dff_block[1].dff_inst         ; work         ;
;       |d_flip_flop:dff_block[2].dff_inst| ; 1 (1)       ; 1 (1)                     ; 0 (0)         ; 0           ; 0    ; 0            ; 0       ; 0         ; 0         ; 0    ; 0            ; 0 (0)        ; 0 (0)             ; 1 (1)            ; |banco_de_registadores_top|register_8bit:inst6|d_flip_flop:dff_block[2].dff_inst         ; work         ;
;       |d_flip_flop:dff_block[3].dff_inst| ; 1 (1)       ; 1 (1)                     ; 0 (0)         ; 0           ; 0    ; 0            ; 0       ; 0         ; 0         ; 0    ; 0            ; 0 (0)        ; 0 (0)             ; 1 (1)            ; |banco_de_registadores_top|register_8bit:inst6|d_flip_flop:dff_block[3].dff_inst         ; work         ;
;       |d_flip_flop:dff_block[4].dff_inst| ; 1 (1)       ; 1 (1)                     ; 0 (0)         ; 0           ; 0    ; 0            ; 0       ; 0         ; 0         ; 0    ; 0            ; 0 (0)        ; 0 (0)             ; 1 (1)            ; |banco_de_registadores_top|register_8bit:inst6|d_flip_flop:dff_block[4].dff_inst         ; work         ;
;       |d_flip_flop:dff_block[5].dff_inst| ; 1 (1)       ; 1 (1)                     ; 0 (0)         ; 0           ; 0    ; 0            ; 0       ; 0         ; 0         ; 0    ; 0            ; 0 (0)        ; 0 (0)             ; 1 (1)            ; |banco_de_registadores_top|register_8bit:inst6|d_flip_flop:dff_block[5].dff_inst         ; work         ;
;       |d_flip_flop:dff_block[6].dff_inst| ; 1 (1)       ; 1 (1)                     ; 0 (0)         ; 0           ; 0    ; 0            ; 0       ; 0         ; 0         ; 0    ; 0            ; 0 (0)        ; 0 (0)             ; 1 (1)            ; |banco_de_registadores_top|register_8bit:inst6|d_flip_flop:dff_block[6].dff_inst         ; work         ;
;       |d_flip_flop:dff_block[7].dff_inst| ; 1 (1)       ; 1 (1)                     ; 0 (0)         ; 0           ; 0    ; 0            ; 0       ; 0         ; 0         ; 0    ; 0            ; 0 (0)        ; 0 (0)             ; 1 (1)            ; |banco_de_registadores_top|register_8bit:inst6|d_flip_flop:dff_block[7].dff_inst         ; work         ;
;    |register_8bit:inst7|                  ; 8 (0)       ; 8 (0)                     ; 0 (0)         ; 0           ; 0    ; 0            ; 0       ; 0         ; 0         ; 0    ; 0            ; 0 (0)        ; 0 (0)             ; 8 (0)            ; |banco_de_registadores_top|register_8bit:inst7                                           ; work         ;
;       |d_flip_flop:dff_block[0].dff_inst| ; 1 (1)       ; 1 (1)                     ; 0 (0)         ; 0           ; 0    ; 0            ; 0       ; 0         ; 0         ; 0    ; 0            ; 0 (0)        ; 0 (0)             ; 1 (1)            ; |banco_de_registadores_top|register_8bit:inst7|d_flip_flop:dff_block[0].dff_inst         ; work         ;
;       |d_flip_flop:dff_block[1].dff_inst| ; 1 (1)       ; 1 (1)                     ; 0 (0)         ; 0           ; 0    ; 0            ; 0       ; 0         ; 0         ; 0    ; 0            ; 0 (0)        ; 0 (0)             ; 1 (1)            ; |banco_de_registadores_top|register_8bit:inst7|d_flip_flop:dff_block[1].dff_inst         ; work         ;
;       |d_flip_flop:dff_block[2].dff_inst| ; 1 (1)       ; 1 (1)                     ; 0 (0)         ; 0           ; 0    ; 0            ; 0       ; 0         ; 0         ; 0    ; 0            ; 0 (0)        ; 0 (0)             ; 1 (1)            ; |banco_de_registadores_top|register_8bit:inst7|d_flip_flop:dff_block[2].dff_inst         ; work         ;
;       |d_flip_flop:dff_block[3].dff_inst| ; 1 (1)       ; 1 (1)                     ; 0 (0)         ; 0           ; 0    ; 0            ; 0       ; 0         ; 0         ; 0    ; 0            ; 0 (0)        ; 0 (0)             ; 1 (1)            ; |banco_de_registadores_top|register_8bit:inst7|d_flip_flop:dff_block[3].dff_inst         ; work         ;
;       |d_flip_flop:dff_block[4].dff_inst| ; 1 (1)       ; 1 (1)                     ; 0 (0)         ; 0           ; 0    ; 0            ; 0       ; 0         ; 0         ; 0    ; 0            ; 0 (0)        ; 0 (0)             ; 1 (1)            ; |banco_de_registadores_top|register_8bit:inst7|d_flip_flop:dff_block[4].dff_inst         ; work         ;
;       |d_flip_flop:dff_block[5].dff_inst| ; 1 (1)       ; 1 (1)                     ; 0 (0)         ; 0           ; 0    ; 0            ; 0       ; 0         ; 0         ; 0    ; 0            ; 0 (0)        ; 0 (0)             ; 1 (1)            ; |banco_de_registadores_top|register_8bit:inst7|d_flip_flop:dff_block[5].dff_inst         ; work         ;
;       |d_flip_flop:dff_block[6].dff_inst| ; 1 (1)       ; 1 (1)                     ; 0 (0)         ; 0           ; 0    ; 0            ; 0       ; 0         ; 0         ; 0    ; 0            ; 0 (0)        ; 0 (0)             ; 1 (1)            ; |banco_de_registadores_top|register_8bit:inst7|d_flip_flop:dff_block[6].dff_inst         ; work         ;
;       |d_flip_flop:dff_block[7].dff_inst| ; 1 (1)       ; 1 (1)                     ; 0 (0)         ; 0           ; 0    ; 0            ; 0       ; 0         ; 0         ; 0    ; 0            ; 0 (0)        ; 0 (0)             ; 1 (1)            ; |banco_de_registadores_top|register_8bit:inst7|d_flip_flop:dff_block[7].dff_inst         ; work         ;
;    |register_8bit:inst8|                  ; 8 (0)       ; 8 (0)                     ; 0 (0)         ; 0           ; 0    ; 0            ; 0       ; 0         ; 0         ; 0    ; 0            ; 0 (0)        ; 0 (0)             ; 8 (0)            ; |banco_de_registadores_top|register_8bit:inst8                                           ; work         ;
;       |d_flip_flop:dff_block[0].dff_inst| ; 1 (1)       ; 1 (1)                     ; 0 (0)         ; 0           ; 0    ; 0            ; 0       ; 0         ; 0         ; 0    ; 0            ; 0 (0)        ; 0 (0)             ; 1 (1)            ; |banco_de_registadores_top|register_8bit:inst8|d_flip_flop:dff_block[0].dff_inst         ; work         ;
;       |d_flip_flop:dff_block[1].dff_inst| ; 1 (1)       ; 1 (1)                     ; 0 (0)         ; 0           ; 0    ; 0            ; 0       ; 0         ; 0         ; 0    ; 0            ; 0 (0)        ; 0 (0)             ; 1 (1)            ; |banco_de_registadores_top|register_8bit:inst8|d_flip_flop:dff_block[1].dff_inst         ; work         ;
;       |d_flip_flop:dff_block[2].dff_inst| ; 1 (1)       ; 1 (1)                     ; 0 (0)         ; 0           ; 0    ; 0            ; 0       ; 0         ; 0         ; 0    ; 0            ; 0 (0)        ; 0 (0)             ; 1 (1)            ; |banco_de_registadores_top|register_8bit:inst8|d_flip_flop:dff_block[2].dff_inst         ; work         ;
;       |d_flip_flop:dff_block[3].dff_inst| ; 1 (1)       ; 1 (1)                     ; 0 (0)         ; 0           ; 0    ; 0            ; 0       ; 0         ; 0         ; 0    ; 0            ; 0 (0)        ; 0 (0)             ; 1 (1)            ; |banco_de_registadores_top|register_8bit:inst8|d_flip_flop:dff_block[3].dff_inst         ; work         ;
;       |d_flip_flop:dff_block[4].dff_inst| ; 1 (1)       ; 1 (1)                     ; 0 (0)         ; 0           ; 0    ; 0            ; 0       ; 0         ; 0         ; 0    ; 0            ; 0 (0)        ; 0 (0)             ; 1 (1)            ; |banco_de_registadores_top|register_8bit:inst8|d_flip_flop:dff_block[4].dff_inst         ; work         ;
;       |d_flip_flop:dff_block[5].dff_inst| ; 1 (1)       ; 1 (1)                     ; 0 (0)         ; 0           ; 0    ; 0            ; 0       ; 0         ; 0         ; 0    ; 0            ; 0 (0)        ; 0 (0)             ; 1 (1)            ; |banco_de_registadores_top|register_8bit:inst8|d_flip_flop:dff_block[5].dff_inst         ; work         ;
;       |d_flip_flop:dff_block[6].dff_inst| ; 1 (1)       ; 1 (1)                     ; 0 (0)         ; 0           ; 0    ; 0            ; 0       ; 0         ; 0         ; 0    ; 0            ; 0 (0)        ; 0 (0)             ; 1 (1)            ; |banco_de_registadores_top|register_8bit:inst8|d_flip_flop:dff_block[6].dff_inst         ; work         ;
;       |d_flip_flop:dff_block[7].dff_inst| ; 1 (1)       ; 1 (1)                     ; 0 (0)         ; 0           ; 0    ; 0            ; 0       ; 0         ; 0         ; 0    ; 0            ; 0 (0)        ; 0 (0)             ; 1 (1)            ; |banco_de_registadores_top|register_8bit:inst8|d_flip_flop:dff_block[7].dff_inst         ; work         ;
;    |register_8bit:inst9|                  ; 8 (0)       ; 8 (0)                     ; 0 (0)         ; 0           ; 0    ; 0            ; 0       ; 0         ; 0         ; 0    ; 0            ; 0 (0)        ; 0 (0)             ; 8 (0)            ; |banco_de_registadores_top|register_8bit:inst9                                           ; work         ;
;       |d_flip_flop:dff_block[0].dff_inst| ; 1 (1)       ; 1 (1)                     ; 0 (0)         ; 0           ; 0    ; 0            ; 0       ; 0         ; 0         ; 0    ; 0            ; 0 (0)        ; 0 (0)             ; 1 (1)            ; |banco_de_registadores_top|register_8bit:inst9|d_flip_flop:dff_block[0].dff_inst         ; work         ;
;       |d_flip_flop:dff_block[1].dff_inst| ; 1 (1)       ; 1 (1)                     ; 0 (0)         ; 0           ; 0    ; 0            ; 0       ; 0         ; 0         ; 0    ; 0            ; 0 (0)        ; 0 (0)             ; 1 (1)            ; |banco_de_registadores_top|register_8bit:inst9|d_flip_flop:dff_block[1].dff_inst         ; work         ;
;       |d_flip_flop:dff_block[2].dff_inst| ; 1 (1)       ; 1 (1)                     ; 0 (0)         ; 0           ; 0    ; 0            ; 0       ; 0         ; 0         ; 0    ; 0            ; 0 (0)        ; 0 (0)             ; 1 (1)            ; |banco_de_registadores_top|register_8bit:inst9|d_flip_flop:dff_block[2].dff_inst         ; work         ;
;       |d_flip_flop:dff_block[3].dff_inst| ; 1 (1)       ; 1 (1)                     ; 0 (0)         ; 0           ; 0    ; 0            ; 0       ; 0         ; 0         ; 0    ; 0            ; 0 (0)        ; 0 (0)             ; 1 (1)            ; |banco_de_registadores_top|register_8bit:inst9|d_flip_flop:dff_block[3].dff_inst         ; work         ;
;       |d_flip_flop:dff_block[4].dff_inst| ; 1 (1)       ; 1 (1)                     ; 0 (0)         ; 0           ; 0    ; 0            ; 0       ; 0         ; 0         ; 0    ; 0            ; 0 (0)        ; 0 (0)             ; 1 (1)            ; |banco_de_registadores_top|register_8bit:inst9|d_flip_flop:dff_block[4].dff_inst         ; work         ;
;       |d_flip_flop:dff_block[5].dff_inst| ; 1 (1)       ; 1 (1)                     ; 0 (0)         ; 0           ; 0    ; 0            ; 0       ; 0         ; 0         ; 0    ; 0            ; 0 (0)        ; 0 (0)             ; 1 (1)            ; |banco_de_registadores_top|register_8bit:inst9|d_flip_flop:dff_block[5].dff_inst         ; work         ;
;       |d_flip_flop:dff_block[6].dff_inst| ; 1 (1)       ; 1 (1)                     ; 0 (0)         ; 0           ; 0    ; 0            ; 0       ; 0         ; 0         ; 0    ; 0            ; 0 (0)        ; 0 (0)             ; 1 (1)            ; |banco_de_registadores_top|register_8bit:inst9|d_flip_flop:dff_block[6].dff_inst         ; work         ;
;       |d_flip_flop:dff_block[7].dff_inst| ; 1 (1)       ; 1 (1)                     ; 0 (0)         ; 0           ; 0    ; 0            ; 0       ; 0         ; 0         ; 0    ; 0            ; 0 (0)        ; 0 (0)             ; 1 (1)            ; |banco_de_registadores_top|register_8bit:inst9|d_flip_flop:dff_block[7].dff_inst         ; work         ;
+-------------------------------------------+-------------+---------------------------+---------------+-------------+------+--------------+---------+-----------+-----------+------+--------------+--------------+-------------------+------------------+------------------------------------------------------------------------------------------+--------------+
Note: For table entries with two numbers listed, the numbers in parentheses indicate the number of resources of the given type used by the specific entity alone. The numbers listed outside of parentheses indicate the total resources of the given type used by the specific entity and all of its sub-entities in the hierarchy.


+---------------------------------------------------------------------------------------------+
; Delay Chain Summary                                                                         ;
+-------------+----------+---------------+---------------+-----------------------+-----+------+
; Name        ; Pin Type ; Pad to Core 0 ; Pad to Core 1 ; Pad to Input Register ; TCO ; TCOE ;
+-------------+----------+---------------+---------------+-----------------------+-----+------+
; r_data_a[7] ; Output   ; --            ; --            ; --                    ; --  ; --   ;
; r_data_a[6] ; Output   ; --            ; --            ; --                    ; --  ; --   ;
; r_data_a[5] ; Output   ; --            ; --            ; --                    ; --  ; --   ;
; r_data_a[4] ; Output   ; --            ; --            ; --                    ; --  ; --   ;
; r_data_a[3] ; Output   ; --            ; --            ; --                    ; --  ; --   ;
; r_data_a[2] ; Output   ; --            ; --            ; --                    ; --  ; --   ;
; r_data_a[1] ; Output   ; --            ; --            ; --                    ; --  ; --   ;
; r_data_a[0] ; Output   ; --            ; --            ; --                    ; --  ; --   ;
; we_dec[15]  ; Output   ; --            ; --            ; --                    ; --  ; --   ;
; we_dec[14]  ; Output   ; --            ; --            ; --                    ; --  ; --   ;
; we_dec[13]  ; Output   ; --            ; --            ; --                    ; --  ; --   ;
; we_dec[12]  ; Output   ; --            ; --            ; --                    ; --  ; --   ;
; we_dec[11]  ; Output   ; --            ; --            ; --                    ; --  ; --   ;
; we_dec[10]  ; Output   ; --            ; --            ; --                    ; --  ; --   ;
; we_dec[9]   ; Output   ; --            ; --            ; --                    ; --  ; --   ;
; we_dec[8]   ; Output   ; --            ; --            ; --                    ; --  ; --   ;
; we_dec[7]   ; Output   ; --            ; --            ; --                    ; --  ; --   ;
; we_dec[6]   ; Output   ; --            ; --            ; --                    ; --  ; --   ;
; we_dec[5]   ; Output   ; --            ; --            ; --                    ; --  ; --   ;
; we_dec[4]   ; Output   ; --            ; --            ; --                    ; --  ; --   ;
; we_dec[3]   ; Output   ; --            ; --            ; --                    ; --  ; --   ;
; we_dec[2]   ; Output   ; --            ; --            ; --                    ; --  ; --   ;
; we_dec[1]   ; Output   ; --            ; --            ; --                    ; --  ; --   ;
; we_dec[0]   ; Output   ; --            ; --            ; --                    ; --  ; --   ;
; r_data_b[7] ; Output   ; --            ; --            ; --                    ; --  ; --   ;
; r_data_b[6] ; Output   ; --            ; --            ; --                    ; --  ; --   ;
; r_data_b[5] ; Output   ; --            ; --            ; --                    ; --  ; --   ;
; r_data_b[4] ; Output   ; --            ; --            ; --                    ; --  ; --   ;
; r_data_b[3] ; Output   ; --            ; --            ; --                    ; --  ; --   ;
; r_data_b[2] ; Output   ; --            ; --            ; --                    ; --  ; --   ;
; r_data_b[1] ; Output   ; --            ; --            ; --                    ; --  ; --   ;
; r_data_b[0] ; Output   ; --            ; --            ; --                    ; --  ; --   ;
; r_addr_a[1] ; Input    ; --            ; (6) 1314 ps   ; --                    ; --  ; --   ;
; r_addr_a[0] ; Input    ; (6) 1314 ps   ; --            ; --                    ; --  ; --   ;
; r_addr_a[3] ; Input    ; (6) 1313 ps   ; --            ; --                    ; --  ; --   ;
; r_addr_a[2] ; Input    ; --            ; (6) 1313 ps   ; --                    ; --  ; --   ;
; we          ; Input    ; (6) 1313 ps   ; --            ; --                    ; --  ; --   ;
; w_addr[0]   ; Input    ; (6) 1313 ps   ; --            ; --                    ; --  ; --   ;
; w_addr[1]   ; Input    ; --            ; (6) 1313 ps   ; --                    ; --  ; --   ;
; w_addr[2]   ; Input    ; (6) 1313 ps   ; --            ; --                    ; --  ; --   ;
; w_addr[3]   ; Input    ; (6) 1313 ps   ; --            ; --                    ; --  ; --   ;
; r_addr_b[1] ; Input    ; (6) 1313 ps   ; --            ; --                    ; --  ; --   ;
; r_addr_b[0] ; Input    ; (6) 1313 ps   ; --            ; --                    ; --  ; --   ;
; r_addr_b[3] ; Input    ; (6) 1314 ps   ; --            ; --                    ; --  ; --   ;
; r_addr_b[2] ; Input    ; (6) 1313 ps   ; --            ; --                    ; --  ; --   ;
; w_data[7]   ; Input    ; (6) 1313 ps   ; --            ; --                    ; --  ; --   ;
; clk         ; Input    ; (0) 0 ps      ; --            ; --                    ; --  ; --   ;
; rst_n       ; Input    ; (0) 0 ps      ; --            ; --                    ; --  ; --   ;
; w_data[6]   ; Input    ; (6) 1314 ps   ; --            ; --                    ; --  ; --   ;
; w_data[5]   ; Input    ; --            ; (6) 1314 ps   ; --                    ; --  ; --   ;
; w_data[4]   ; Input    ; (6) 1313 ps   ; --            ; --                    ; --  ; --   ;
; w_data[3]   ; Input    ; (6) 1313 ps   ; --            ; --                    ; --  ; --   ;
; w_data[2]   ; Input    ; (6) 1313 ps   ; --            ; --                    ; --  ; --   ;
; w_data[1]   ; Input    ; (6) 1313 ps   ; --            ; --                    ; --  ; --   ;
; w_data[0]   ; Input    ; --            ; (6) 1314 ps   ; --                    ; --  ; --   ;
+-------------+----------+---------------+---------------+-----------------------+-----+------+


+------------------------------------------------------------------------------------------------------+
; Pad To Core Delay Chain Fanout                                                                       ;
+------------------------------------------------------------------------+-------------------+---------+
; Source Pin / Fanout                                                    ; Pad To Core Index ; Setting ;
+------------------------------------------------------------------------+-------------------+---------+
; r_addr_a[1]                                                            ;                   ;         ;
;      - mux_16to1_8bit:Porta_A_Leitura|Mux0~0                           ; 1                 ; 6       ;
;      - mux_16to1_8bit:Porta_A_Leitura|Mux0~1                           ; 1                 ; 6       ;
;      - mux_16to1_8bit:Porta_A_Leitura|Mux0~2                           ; 1                 ; 6       ;
;      - mux_16to1_8bit:Porta_A_Leitura|Mux0~4                           ; 1                 ; 6       ;
;      - mux_16to1_8bit:Porta_A_Leitura|Mux0~5                           ; 1                 ; 6       ;
;      - mux_16to1_8bit:Porta_A_Leitura|Mux0~7                           ; 1                 ; 6       ;
;      - mux_16to1_8bit:Porta_A_Leitura|Mux1~6                           ; 1                 ; 6       ;
;      - mux_16to1_8bit:Porta_A_Leitura|Mux1~9                           ; 1                 ; 6       ;
;      - mux_16to1_8bit:Porta_A_Leitura|Mux2~0                           ; 1                 ; 6       ;
;      - mux_16to1_8bit:Porta_A_Leitura|Mux2~1                           ; 1                 ; 6       ;
;      - mux_16to1_8bit:Porta_A_Leitura|Mux2~2                           ; 1                 ; 6       ;
;      - mux_16to1_8bit:Porta_A_Leitura|Mux2~4                           ; 1                 ; 6       ;
;      - mux_16to1_8bit:Porta_A_Leitura|Mux2~7                           ; 1                 ; 6       ;
;      - mux_16to1_8bit:Porta_A_Leitura|Mux2~8                           ; 1                 ; 6       ;
;      - mux_16to1_8bit:Porta_A_Leitura|Mux3~6                           ; 1                 ; 6       ;
;      - mux_16to1_8bit:Porta_A_Leitura|Mux4~0                           ; 1                 ; 6       ;
;      - mux_16to1_8bit:Porta_A_Leitura|Mux4~1                           ; 1                 ; 6       ;
;      - mux_16to1_8bit:Porta_A_Leitura|Mux4~2                           ; 1                 ; 6       ;
;      - mux_16to1_8bit:Porta_A_Leitura|Mux4~4                           ; 1                 ; 6       ;
;      - mux_16to1_8bit:Porta_A_Leitura|Mux4~5                           ; 1                 ; 6       ;
;      - mux_16to1_8bit:Porta_A_Leitura|Mux4~7                           ; 1                 ; 6       ;
;      - mux_16to1_8bit:Porta_A_Leitura|Mux5~6                           ; 1                 ; 6       ;
;      - mux_16to1_8bit:Porta_A_Leitura|Mux5~9                           ; 1                 ; 6       ;
;      - mux_16to1_8bit:Porta_A_Leitura|Mux6~0                           ; 1                 ; 6       ;
;      - mux_16to1_8bit:Porta_A_Leitura|Mux6~1                           ; 1                 ; 6       ;
;      - mux_16to1_8bit:Porta_A_Leitura|Mux6~2                           ; 1                 ; 6       ;
;      - mux_16to1_8bit:Porta_A_Leitura|Mux6~4                           ; 1                 ; 6       ;
;      - mux_16to1_8bit:Porta_A_Leitura|Mux6~7                           ; 1                 ; 6       ;
;      - mux_16to1_8bit:Porta_A_Leitura|Mux6~8                           ; 1                 ; 6       ;
;      - mux_16to1_8bit:Porta_A_Leitura|Mux7~6                           ; 1                 ; 6       ;
; r_addr_a[0]                                                            ;                   ;         ;
;      - mux_16to1_8bit:Porta_A_Leitura|Mux0~0                           ; 0                 ; 6       ;
;      - mux_16to1_8bit:Porta_A_Leitura|Mux0~2                           ; 0                 ; 6       ;
;      - mux_16to1_8bit:Porta_A_Leitura|Mux0~3                           ; 0                 ; 6       ;
;      - mux_16to1_8bit:Porta_A_Leitura|Mux0~4                           ; 0                 ; 6       ;
;      - mux_16to1_8bit:Porta_A_Leitura|Mux0~7                           ; 0                 ; 6       ;
;      - mux_16to1_8bit:Porta_A_Leitura|Mux0~8                           ; 0                 ; 6       ;
;      - mux_16to1_8bit:Porta_A_Leitura|Mux1~6                           ; 0                 ; 6       ;
;      - mux_16to1_8bit:Porta_A_Leitura|Mux2~0                           ; 0                 ; 6       ;
;      - mux_16to1_8bit:Porta_A_Leitura|Mux2~2                           ; 0                 ; 6       ;
;      - mux_16to1_8bit:Porta_A_Leitura|Mux2~3                           ; 0                 ; 6       ;
;      - mux_16to1_8bit:Porta_A_Leitura|Mux2~4                           ; 0                 ; 6       ;
;      - mux_16to1_8bit:Porta_A_Leitura|Mux2~5                           ; 0                 ; 6       ;
;      - mux_16to1_8bit:Porta_A_Leitura|Mux2~7                           ; 0                 ; 6       ;
;      - mux_16to1_8bit:Porta_A_Leitura|Mux3~6                           ; 0                 ; 6       ;
;      - mux_16to1_8bit:Porta_A_Leitura|Mux3~9                           ; 0                 ; 6       ;
;      - mux_16to1_8bit:Porta_A_Leitura|Mux4~0                           ; 0                 ; 6       ;
;      - mux_16to1_8bit:Porta_A_Leitura|Mux4~2                           ; 0                 ; 6       ;
;      - mux_16to1_8bit:Porta_A_Leitura|Mux4~3                           ; 0                 ; 6       ;
;      - mux_16to1_8bit:Porta_A_Leitura|Mux4~4                           ; 0                 ; 6       ;
;      - mux_16to1_8bit:Porta_A_Leitura|Mux4~7                           ; 0                 ; 6       ;
;      - mux_16to1_8bit:Porta_A_Leitura|Mux4~8                           ; 0                 ; 6       ;
;      - mux_16to1_8bit:Porta_A_Leitura|Mux5~6                           ; 0                 ; 6       ;
;      - mux_16to1_8bit:Porta_A_Leitura|Mux6~0                           ; 0                 ; 6       ;
;      - mux_16to1_8bit:Porta_A_Leitura|Mux6~2                           ; 0                 ; 6       ;
;      - mux_16to1_8bit:Porta_A_Leitura|Mux6~3                           ; 0                 ; 6       ;
;      - mux_16to1_8bit:Porta_A_Leitura|Mux6~4                           ; 0                 ; 6       ;
;      - mux_16to1_8bit:Porta_A_Leitura|Mux6~5                           ; 0                 ; 6       ;
;      - mux_16to1_8bit:Porta_A_Leitura|Mux6~7                           ; 0                 ; 6       ;
;      - mux_16to1_8bit:Porta_A_Leitura|Mux7~6                           ; 0                 ; 6       ;
;      - mux_16to1_8bit:Porta_A_Leitura|Mux7~9                           ; 0                 ; 6       ;
; r_addr_a[3]                                                            ;                   ;         ;
;      - mux_16to1_8bit:Porta_A_Leitura|Mux0~6                           ; 0                 ; 6       ;
;      - mux_16to1_8bit:Porta_A_Leitura|Mux0~9                           ; 0                 ; 6       ;
;      - mux_16to1_8bit:Porta_A_Leitura|Mux1~0                           ; 0                 ; 6       ;
;      - mux_16to1_8bit:Porta_A_Leitura|Mux1~2                           ; 0                 ; 6       ;
;      - mux_16to1_8bit:Porta_A_Leitura|Mux1~3                           ; 0                 ; 6       ;
;      - mux_16to1_8bit:Porta_A_Leitura|Mux1~4                           ; 0                 ; 6       ;
;      - mux_16to1_8bit:Porta_A_Leitura|Mux1~7                           ; 0                 ; 6       ;
;      - mux_16to1_8bit:Porta_A_Leitura|Mux1~8                           ; 0                 ; 6       ;
;      - mux_16to1_8bit:Porta_A_Leitura|Mux2~6                           ; 0                 ; 6       ;
;      - mux_16to1_8bit:Porta_A_Leitura|Mux3~0                           ; 0                 ; 6       ;
;      - mux_16to1_8bit:Porta_A_Leitura|Mux3~2                           ; 0                 ; 6       ;
;      - mux_16to1_8bit:Porta_A_Leitura|Mux3~3                           ; 0                 ; 6       ;
;      - mux_16to1_8bit:Porta_A_Leitura|Mux3~4                           ; 0                 ; 6       ;
;      - mux_16to1_8bit:Porta_A_Leitura|Mux3~5                           ; 0                 ; 6       ;
;      - mux_16to1_8bit:Porta_A_Leitura|Mux3~7                           ; 0                 ; 6       ;
;      - mux_16to1_8bit:Porta_A_Leitura|Mux4~6                           ; 0                 ; 6       ;
;      - mux_16to1_8bit:Porta_A_Leitura|Mux4~9                           ; 0                 ; 6       ;
;      - mux_16to1_8bit:Porta_A_Leitura|Mux5~0                           ; 0                 ; 6       ;
;      - mux_16to1_8bit:Porta_A_Leitura|Mux5~2                           ; 0                 ; 6       ;
;      - mux_16to1_8bit:Porta_A_Leitura|Mux5~3                           ; 0                 ; 6       ;
;      - mux_16to1_8bit:Porta_A_Leitura|Mux5~4                           ; 0                 ; 6       ;
;      - mux_16to1_8bit:Porta_A_Leitura|Mux5~7                           ; 0                 ; 6       ;
;      - mux_16to1_8bit:Porta_A_Leitura|Mux5~8                           ; 0                 ; 6       ;
;      - mux_16to1_8bit:Porta_A_Leitura|Mux6~6                           ; 0                 ; 6       ;
;      - mux_16to1_8bit:Porta_A_Leitura|Mux7~0                           ; 0                 ; 6       ;
;      - mux_16to1_8bit:Porta_A_Leitura|Mux7~2                           ; 0                 ; 6       ;
;      - mux_16to1_8bit:Porta_A_Leitura|Mux7~3                           ; 0                 ; 6       ;
;      - mux_16to1_8bit:Porta_A_Leitura|Mux7~4                           ; 0                 ; 6       ;
;      - mux_16to1_8bit:Porta_A_Leitura|Mux7~5                           ; 0                 ; 6       ;
;      - mux_16to1_8bit:Porta_A_Leitura|Mux7~7                           ; 0                 ; 6       ;
; r_addr_a[2]                                                            ;                   ;         ;
;      - mux_16to1_8bit:Porta_A_Leitura|Mux0~6                           ; 1                 ; 6       ;
;      - mux_16to1_8bit:Porta_A_Leitura|Mux1~0                           ; 1                 ; 6       ;
;      - mux_16to1_8bit:Porta_A_Leitura|Mux1~1                           ; 1                 ; 6       ;
;      - mux_16to1_8bit:Porta_A_Leitura|Mux1~2                           ; 1                 ; 6       ;
;      - mux_16to1_8bit:Porta_A_Leitura|Mux1~4                           ; 1                 ; 6       ;
;      - mux_16to1_8bit:Porta_A_Leitura|Mux1~5                           ; 1                 ; 6       ;
;      - mux_16to1_8bit:Porta_A_Leitura|Mux1~7                           ; 1                 ; 6       ;
;      - mux_16to1_8bit:Porta_A_Leitura|Mux2~6                           ; 1                 ; 6       ;
;      - mux_16to1_8bit:Porta_A_Leitura|Mux2~9                           ; 1                 ; 6       ;
;      - mux_16to1_8bit:Porta_A_Leitura|Mux3~0                           ; 1                 ; 6       ;
;      - mux_16to1_8bit:Porta_A_Leitura|Mux3~1                           ; 1                 ; 6       ;
;      - mux_16to1_8bit:Porta_A_Leitura|Mux3~2                           ; 1                 ; 6       ;
;      - mux_16to1_8bit:Porta_A_Leitura|Mux3~4                           ; 1                 ; 6       ;
;      - mux_16to1_8bit:Porta_A_Leitura|Mux3~7                           ; 1                 ; 6       ;
;      - mux_16to1_8bit:Porta_A_Leitura|Mux3~8                           ; 1                 ; 6       ;
;      - mux_16to1_8bit:Porta_A_Leitura|Mux4~6                           ; 1                 ; 6       ;
;      - mux_16to1_8bit:Porta_A_Leitura|Mux5~0                           ; 1                 ; 6       ;
;      - mux_16to1_8bit:Porta_A_Leitura|Mux5~1                           ; 1                 ; 6       ;
;      - mux_16to1_8bit:Porta_A_Leitura|Mux5~2                           ; 1                 ; 6       ;
;      - mux_16to1_8bit:Porta_A_Leitura|Mux5~4                           ; 1                 ; 6       ;
;      - mux_16to1_8bit:Porta_A_Leitura|Mux5~5                           ; 1                 ; 6       ;
;      - mux_16to1_8bit:Porta_A_Leitura|Mux5~7                           ; 1                 ; 6       ;
;      - mux_16to1_8bit:Porta_A_Leitura|Mux6~6                           ; 1                 ; 6       ;
;      - mux_16to1_8bit:Porta_A_Leitura|Mux6~9                           ; 1                 ; 6       ;
;      - mux_16to1_8bit:Porta_A_Leitura|Mux7~0                           ; 1                 ; 6       ;
;      - mux_16to1_8bit:Porta_A_Leitura|Mux7~1                           ; 1                 ; 6       ;
;      - mux_16to1_8bit:Porta_A_Leitura|Mux7~2                           ; 1                 ; 6       ;
;      - mux_16to1_8bit:Porta_A_Leitura|Mux7~4                           ; 1                 ; 6       ;
;      - mux_16to1_8bit:Porta_A_Leitura|Mux7~7                           ; 1                 ; 6       ;
;      - mux_16to1_8bit:Porta_A_Leitura|Mux7~8                           ; 1                 ; 6       ;
; we                                                                     ;                   ;         ;
;      - decoder_4_to_16:inst|we_dec[15]~0                               ; 0                 ; 6       ;
;      - decoder_4_to_16:inst|we_dec[14]~1                               ; 0                 ; 6       ;
;      - decoder_4_to_16:inst|we_dec[13]~2                               ; 0                 ; 6       ;
;      - decoder_4_to_16:inst|we_dec[12]~3                               ; 0                 ; 6       ;
;      - decoder_4_to_16:inst|we_dec[11]~4                               ; 0                 ; 6       ;
;      - decoder_4_to_16:inst|we_dec[10]~5                               ; 0                 ; 6       ;
;      - decoder_4_to_16:inst|we_dec[9]~6                                ; 0                 ; 6       ;
;      - decoder_4_to_16:inst|we_dec[8]~7                                ; 0                 ; 6       ;
;      - decoder_4_to_16:inst|we_dec[7]~8                                ; 0                 ; 6       ;
;      - decoder_4_to_16:inst|we_dec[6]~9                                ; 0                 ; 6       ;
;      - decoder_4_to_16:inst|we_dec[5]~10                               ; 0                 ; 6       ;
;      - decoder_4_to_16:inst|we_dec[4]~11                               ; 0                 ; 6       ;
;      - decoder_4_to_16:inst|we_dec[3]~12                               ; 0                 ; 6       ;
;      - decoder_4_to_16:inst|we_dec[2]~13                               ; 0                 ; 6       ;
;      - decoder_4_to_16:inst|we_dec[1]~14                               ; 0                 ; 6       ;
;      - decoder_4_to_16:inst|we_dec[0]~15                               ; 0                 ; 6       ;
; w_addr[0]                                                              ;                   ;         ;
;      - decoder_4_to_16:inst|Decoder0~0                                 ; 0                 ; 6       ;
;      - decoder_4_to_16:inst|Decoder0~1                                 ; 0                 ; 6       ;
;      - decoder_4_to_16:inst|Decoder0~2                                 ; 0                 ; 6       ;
;      - decoder_4_to_16:inst|Decoder0~3                                 ; 0                 ; 6       ;
;      - decoder_4_to_16:inst|Decoder0~4                                 ; 0                 ; 6       ;
;      - decoder_4_to_16:inst|Decoder0~5                                 ; 0                 ; 6       ;
;      - decoder_4_to_16:inst|Decoder0~6                                 ; 0                 ; 6       ;
;      - decoder_4_to_16:inst|Decoder0~7                                 ; 0                 ; 6       ;
;      - decoder_4_to_16:inst|Decoder0~8                                 ; 0                 ; 6       ;
;      - decoder_4_to_16:inst|Decoder0~9                                 ; 0                 ; 6       ;
;      - decoder_4_to_16:inst|Decoder0~10                                ; 0                 ; 6       ;
;      - decoder_4_to_16:inst|Decoder0~11                                ; 0                 ; 6       ;
;      - decoder_4_to_16:inst|Decoder0~12                                ; 0                 ; 6       ;
;      - decoder_4_to_16:inst|Decoder0~13                                ; 0                 ; 6       ;
;      - decoder_4_to_16:inst|Decoder0~14                                ; 0                 ; 6       ;
;      - decoder_4_to_16:inst|Decoder0~15                                ; 0                 ; 6       ;
; w_addr[1]                                                              ;                   ;         ;
;      - decoder_4_to_16:inst|Decoder0~0                                 ; 1                 ; 6       ;
;      - decoder_4_to_16:inst|Decoder0~1                                 ; 1                 ; 6       ;
;      - decoder_4_to_16:inst|Decoder0~2                                 ; 1                 ; 6       ;
;      - decoder_4_to_16:inst|Decoder0~3                                 ; 1                 ; 6       ;
;      - decoder_4_to_16:inst|Decoder0~4                                 ; 1                 ; 6       ;
;      - decoder_4_to_16:inst|Decoder0~5                                 ; 1                 ; 6       ;
;      - decoder_4_to_16:inst|Decoder0~6                                 ; 1                 ; 6       ;
;      - decoder_4_to_16:inst|Decoder0~7                                 ; 1                 ; 6       ;
;      - decoder_4_to_16:inst|Decoder0~8                                 ; 1                 ; 6       ;
;      - decoder_4_to_16:inst|Decoder0~9                                 ; 1                 ; 6       ;
;      - decoder_4_to_16:inst|Decoder0~10                                ; 1                 ; 6       ;
;      - decoder_4_to_16:inst|Decoder0~11                                ; 1                 ; 6       ;
;      - decoder_4_to_16:inst|Decoder0~12                                ; 1                 ; 6       ;
;      - decoder_4_to_16:inst|Decoder0~13                                ; 1                 ; 6       ;
;      - decoder_4_to_16:inst|Decoder0~14                                ; 1                 ; 6       ;
;      - decoder_4_to_16:inst|Decoder0~15                                ; 1                 ; 6       ;
; w_addr[2]                                                              ;                   ;         ;
;      - decoder_4_to_16:inst|Decoder0~0                                 ; 0                 ; 6       ;
;      - decoder_4_to_16:inst|Decoder0~1                                 ; 0                 ; 6       ;
;      - decoder_4_to_16:inst|Decoder0~2                                 ; 0                 ; 6       ;
;      - decoder_4_to_16:inst|Decoder0~3                                 ; 0                 ; 6       ;
;      - decoder_4_to_16:inst|Decoder0~4                                 ; 0                 ; 6       ;
;      - decoder_4_to_16:inst|Decoder0~5                                 ; 0                 ; 6       ;
;      - decoder_4_to_16:inst|Decoder0~6                                 ; 0                 ; 6       ;
;      - decoder_4_to_16:inst|Decoder0~7                                 ; 0                 ; 6       ;
;      - decoder_4_to_16:inst|Decoder0~8                                 ; 0                 ; 6       ;
;      - decoder_4_to_16:inst|Decoder0~9                                 ; 0                 ; 6       ;
;      - decoder_4_to_16:inst|Decoder0~10                                ; 0                 ; 6       ;
;      - decoder_4_to_16:inst|Decoder0~11                                ; 0                 ; 6       ;
;      - decoder_4_to_16:inst|Decoder0~12                                ; 0                 ; 6       ;
;      - decoder_4_to_16:inst|Decoder0~13                                ; 0                 ; 6       ;
;      - decoder_4_to_16:inst|Decoder0~14                                ; 0                 ; 6       ;
;      - decoder_4_to_16:inst|Decoder0~15                                ; 0                 ; 6       ;
; w_addr[3]                                                              ;                   ;         ;
;      - decoder_4_to_16:inst|Decoder0~0                                 ; 0                 ; 6       ;
;      - decoder_4_to_16:inst|Decoder0~1                                 ; 0                 ; 6       ;
;      - decoder_4_to_16:inst|Decoder0~2                                 ; 0                 ; 6       ;
;      - decoder_4_to_16:inst|Decoder0~3                                 ; 0                 ; 6       ;
;      - decoder_4_to_16:inst|Decoder0~4                                 ; 0                 ; 6       ;
;      - decoder_4_to_16:inst|Decoder0~5                                 ; 0                 ; 6       ;
;      - decoder_4_to_16:inst|Decoder0~6                                 ; 0                 ; 6       ;
;      - decoder_4_to_16:inst|Decoder0~7                                 ; 0                 ; 6       ;
;      - decoder_4_to_16:inst|Decoder0~8                                 ; 0                 ; 6       ;
;      - decoder_4_to_16:inst|Decoder0~9                                 ; 0                 ; 6       ;
;      - decoder_4_to_16:inst|Decoder0~10                                ; 0                 ; 6       ;
;      - decoder_4_to_16:inst|Decoder0~11                                ; 0                 ; 6       ;
;      - decoder_4_to_16:inst|Decoder0~12                                ; 0                 ; 6       ;
;      - decoder_4_to_16:inst|Decoder0~13                                ; 0                 ; 6       ;
;      - decoder_4_to_16:inst|Decoder0~14                                ; 0                 ; 6       ;
;      - decoder_4_to_16:inst|Decoder0~15                                ; 0                 ; 6       ;
; r_addr_b[1]                                                            ;                   ;         ;
;      - mux_16to1_8bit:Porta_B_Leitura|Mux0~0                           ; 0                 ; 6       ;
;      - mux_16to1_8bit:Porta_B_Leitura|Mux0~1                           ; 0                 ; 6       ;
;      - mux_16to1_8bit:Porta_B_Leitura|Mux0~2                           ; 0                 ; 6       ;
;      - mux_16to1_8bit:Porta_B_Leitura|Mux0~4                           ; 0                 ; 6       ;
;      - mux_16to1_8bit:Porta_B_Leitura|Mux0~5                           ; 0                 ; 6       ;
;      - mux_16to1_8bit:Porta_B_Leitura|Mux0~7                           ; 0                 ; 6       ;
;      - mux_16to1_8bit:Porta_B_Leitura|Mux1~6                           ; 0                 ; 6       ;
;      - mux_16to1_8bit:Porta_B_Leitura|Mux1~9                           ; 0                 ; 6       ;
;      - mux_16to1_8bit:Porta_B_Leitura|Mux2~0                           ; 0                 ; 6       ;
;      - mux_16to1_8bit:Porta_B_Leitura|Mux2~1                           ; 0                 ; 6       ;
;      - mux_16to1_8bit:Porta_B_Leitura|Mux2~2                           ; 0                 ; 6       ;
;      - mux_16to1_8bit:Porta_B_Leitura|Mux2~4                           ; 0                 ; 6       ;
;      - mux_16to1_8bit:Porta_B_Leitura|Mux2~7                           ; 0                 ; 6       ;
;      - mux_16to1_8bit:Porta_B_Leitura|Mux2~8                           ; 0                 ; 6       ;
;      - mux_16to1_8bit:Porta_B_Leitura|Mux3~6                           ; 0                 ; 6       ;
;      - mux_16to1_8bit:Porta_B_Leitura|Mux4~0                           ; 0                 ; 6       ;
;      - mux_16to1_8bit:Porta_B_Leitura|Mux4~1                           ; 0                 ; 6       ;
;      - mux_16to1_8bit:Porta_B_Leitura|Mux4~2                           ; 0                 ; 6       ;
;      - mux_16to1_8bit:Porta_B_Leitura|Mux4~4                           ; 0                 ; 6       ;
;      - mux_16to1_8bit:Porta_B_Leitura|Mux4~5                           ; 0                 ; 6       ;
;      - mux_16to1_8bit:Porta_B_Leitura|Mux4~7                           ; 0                 ; 6       ;
;      - mux_16to1_8bit:Porta_B_Leitura|Mux5~6                           ; 0                 ; 6       ;
;      - mux_16to1_8bit:Porta_B_Leitura|Mux5~9                           ; 0                 ; 6       ;
;      - mux_16to1_8bit:Porta_B_Leitura|Mux6~0                           ; 0                 ; 6       ;
;      - mux_16to1_8bit:Porta_B_Leitura|Mux6~1                           ; 0                 ; 6       ;
;      - mux_16to1_8bit:Porta_B_Leitura|Mux6~2                           ; 0                 ; 6       ;
;      - mux_16to1_8bit:Porta_B_Leitura|Mux6~4                           ; 0                 ; 6       ;
;      - mux_16to1_8bit:Porta_B_Leitura|Mux6~7                           ; 0                 ; 6       ;
;      - mux_16to1_8bit:Porta_B_Leitura|Mux6~8                           ; 0                 ; 6       ;
;      - mux_16to1_8bit:Porta_B_Leitura|Mux7~6                           ; 0                 ; 6       ;
; r_addr_b[0]                                                            ;                   ;         ;
;      - mux_16to1_8bit:Porta_B_Leitura|Mux0~0                           ; 0                 ; 6       ;
;      - mux_16to1_8bit:Porta_B_Leitura|Mux0~2                           ; 0                 ; 6       ;
;      - mux_16to1_8bit:Porta_B_Leitura|Mux0~3                           ; 0                 ; 6       ;
;      - mux_16to1_8bit:Porta_B_Leitura|Mux0~4                           ; 0                 ; 6       ;
;      - mux_16to1_8bit:Porta_B_Leitura|Mux0~7                           ; 0                 ; 6       ;
;      - mux_16to1_8bit:Porta_B_Leitura|Mux0~8                           ; 0                 ; 6       ;
;      - mux_16to1_8bit:Porta_B_Leitura|Mux1~6                           ; 0                 ; 6       ;
;      - mux_16to1_8bit:Porta_B_Leitura|Mux2~0                           ; 0                 ; 6       ;
;      - mux_16to1_8bit:Porta_B_Leitura|Mux2~2                           ; 0                 ; 6       ;
;      - mux_16to1_8bit:Porta_B_Leitura|Mux2~3                           ; 0                 ; 6       ;
;      - mux_16to1_8bit:Porta_B_Leitura|Mux2~4                           ; 0                 ; 6       ;
;      - mux_16to1_8bit:Porta_B_Leitura|Mux2~5                           ; 0                 ; 6       ;
;      - mux_16to1_8bit:Porta_B_Leitura|Mux2~7                           ; 0                 ; 6       ;
;      - mux_16to1_8bit:Porta_B_Leitura|Mux3~6                           ; 0                 ; 6       ;
;      - mux_16to1_8bit:Porta_B_Leitura|Mux3~9                           ; 0                 ; 6       ;
;      - mux_16to1_8bit:Porta_B_Leitura|Mux4~0                           ; 0                 ; 6       ;
;      - mux_16to1_8bit:Porta_B_Leitura|Mux4~2                           ; 0                 ; 6       ;
;      - mux_16to1_8bit:Porta_B_Leitura|Mux4~3                           ; 0                 ; 6       ;
;      - mux_16to1_8bit:Porta_B_Leitura|Mux4~4                           ; 0                 ; 6       ;
;      - mux_16to1_8bit:Porta_B_Leitura|Mux4~7                           ; 0                 ; 6       ;
;      - mux_16to1_8bit:Porta_B_Leitura|Mux4~8                           ; 0                 ; 6       ;
;      - mux_16to1_8bit:Porta_B_Leitura|Mux5~6                           ; 0                 ; 6       ;
;      - mux_16to1_8bit:Porta_B_Leitura|Mux6~0                           ; 0                 ; 6       ;
;      - mux_16to1_8bit:Porta_B_Leitura|Mux6~2                           ; 0                 ; 6       ;
;      - mux_16to1_8bit:Porta_B_Leitura|Mux6~3                           ; 0                 ; 6       ;
;      - mux_16to1_8bit:Porta_B_Leitura|Mux6~4                           ; 0                 ; 6       ;
;      - mux_16to1_8bit:Porta_B_Leitura|Mux6~5                           ; 0                 ; 6       ;
;      - mux_16to1_8bit:Porta_B_Leitura|Mux6~7                           ; 0                 ; 6       ;
;      - mux_16to1_8bit:Porta_B_Leitura|Mux7~6                           ; 0                 ; 6       ;
;      - mux_16to1_8bit:Porta_B_Leitura|Mux7~9                           ; 0                 ; 6       ;
; r_addr_b[3]                                                            ;                   ;         ;
;      - mux_16to1_8bit:Porta_B_Leitura|Mux0~6                           ; 0                 ; 6       ;
;      - mux_16to1_8bit:Porta_B_Leitura|Mux0~9                           ; 0                 ; 6       ;
;      - mux_16to1_8bit:Porta_B_Leitura|Mux1~0                           ; 0                 ; 6       ;
;      - mux_16to1_8bit:Porta_B_Leitura|Mux1~2                           ; 0                 ; 6       ;
;      - mux_16to1_8bit:Porta_B_Leitura|Mux1~3                           ; 0                 ; 6       ;
;      - mux_16to1_8bit:Porta_B_Leitura|Mux1~4                           ; 0                 ; 6       ;
;      - mux_16to1_8bit:Porta_B_Leitura|Mux1~7                           ; 0                 ; 6       ;
;      - mux_16to1_8bit:Porta_B_Leitura|Mux1~8                           ; 0                 ; 6       ;
;      - mux_16to1_8bit:Porta_B_Leitura|Mux2~6                           ; 0                 ; 6       ;
;      - mux_16to1_8bit:Porta_B_Leitura|Mux3~0                           ; 0                 ; 6       ;
;      - mux_16to1_8bit:Porta_B_Leitura|Mux3~2                           ; 0                 ; 6       ;
;      - mux_16to1_8bit:Porta_B_Leitura|Mux3~3                           ; 0                 ; 6       ;
;      - mux_16to1_8bit:Porta_B_Leitura|Mux3~4                           ; 0                 ; 6       ;
;      - mux_16to1_8bit:Porta_B_Leitura|Mux3~5                           ; 0                 ; 6       ;
;      - mux_16to1_8bit:Porta_B_Leitura|Mux3~7                           ; 0                 ; 6       ;
;      - mux_16to1_8bit:Porta_B_Leitura|Mux4~6                           ; 0                 ; 6       ;
;      - mux_16to1_8bit:Porta_B_Leitura|Mux4~9                           ; 0                 ; 6       ;
;      - mux_16to1_8bit:Porta_B_Leitura|Mux5~0                           ; 0                 ; 6       ;
;      - mux_16to1_8bit:Porta_B_Leitura|Mux5~2                           ; 0                 ; 6       ;
;      - mux_16to1_8bit:Porta_B_Leitura|Mux5~3                           ; 0                 ; 6       ;
;      - mux_16to1_8bit:Porta_B_Leitura|Mux5~4                           ; 0                 ; 6       ;
;      - mux_16to1_8bit:Porta_B_Leitura|Mux5~7                           ; 0                 ; 6       ;
;      - mux_16to1_8bit:Porta_B_Leitura|Mux5~8                           ; 0                 ; 6       ;
;      - mux_16to1_8bit:Porta_B_Leitura|Mux6~6                           ; 0                 ; 6       ;
;      - mux_16to1_8bit:Porta_B_Leitura|Mux7~0                           ; 0                 ; 6       ;
;      - mux_16to1_8bit:Porta_B_Leitura|Mux7~2                           ; 0                 ; 6       ;
;      - mux_16to1_8bit:Porta_B_Leitura|Mux7~3                           ; 0                 ; 6       ;
;      - mux_16to1_8bit:Porta_B_Leitura|Mux7~4                           ; 0                 ; 6       ;
;      - mux_16to1_8bit:Porta_B_Leitura|Mux7~5                           ; 0                 ; 6       ;
;      - mux_16to1_8bit:Porta_B_Leitura|Mux7~7                           ; 0                 ; 6       ;
; r_addr_b[2]                                                            ;                   ;         ;
;      - mux_16to1_8bit:Porta_B_Leitura|Mux0~6                           ; 0                 ; 6       ;
;      - mux_16to1_8bit:Porta_B_Leitura|Mux1~0                           ; 0                 ; 6       ;
;      - mux_16to1_8bit:Porta_B_Leitura|Mux1~1                           ; 0                 ; 6       ;
;      - mux_16to1_8bit:Porta_B_Leitura|Mux1~2                           ; 0                 ; 6       ;
;      - mux_16to1_8bit:Porta_B_Leitura|Mux1~4                           ; 0                 ; 6       ;
;      - mux_16to1_8bit:Porta_B_Leitura|Mux1~5                           ; 0                 ; 6       ;
;      - mux_16to1_8bit:Porta_B_Leitura|Mux1~7                           ; 0                 ; 6       ;
;      - mux_16to1_8bit:Porta_B_Leitura|Mux2~6                           ; 0                 ; 6       ;
;      - mux_16to1_8bit:Porta_B_Leitura|Mux2~9                           ; 0                 ; 6       ;
;      - mux_16to1_8bit:Porta_B_Leitura|Mux3~0                           ; 0                 ; 6       ;
;      - mux_16to1_8bit:Porta_B_Leitura|Mux3~1                           ; 0                 ; 6       ;
;      - mux_16to1_8bit:Porta_B_Leitura|Mux3~2                           ; 0                 ; 6       ;
;      - mux_16to1_8bit:Porta_B_Leitura|Mux3~4                           ; 0                 ; 6       ;
;      - mux_16to1_8bit:Porta_B_Leitura|Mux3~7                           ; 0                 ; 6       ;
;      - mux_16to1_8bit:Porta_B_Leitura|Mux3~8                           ; 0                 ; 6       ;
;      - mux_16to1_8bit:Porta_B_Leitura|Mux4~6                           ; 0                 ; 6       ;
;      - mux_16to1_8bit:Porta_B_Leitura|Mux5~0                           ; 0                 ; 6       ;
;      - mux_16to1_8bit:Porta_B_Leitura|Mux5~1                           ; 0                 ; 6       ;
;      - mux_16to1_8bit:Porta_B_Leitura|Mux5~2                           ; 0                 ; 6       ;
;      - mux_16to1_8bit:Porta_B_Leitura|Mux5~4                           ; 0                 ; 6       ;
;      - mux_16to1_8bit:Porta_B_Leitura|Mux5~5                           ; 0                 ; 6       ;
;      - mux_16to1_8bit:Porta_B_Leitura|Mux5~7                           ; 0                 ; 6       ;
;      - mux_16to1_8bit:Porta_B_Leitura|Mux6~6                           ; 0                 ; 6       ;
;      - mux_16to1_8bit:Porta_B_Leitura|Mux6~9                           ; 0                 ; 6       ;
;      - mux_16to1_8bit:Porta_B_Leitura|Mux7~0                           ; 0                 ; 6       ;
;      - mux_16to1_8bit:Porta_B_Leitura|Mux7~1                           ; 0                 ; 6       ;
;      - mux_16to1_8bit:Porta_B_Leitura|Mux7~2                           ; 0                 ; 6       ;
;      - mux_16to1_8bit:Porta_B_Leitura|Mux7~4                           ; 0                 ; 6       ;
;      - mux_16to1_8bit:Porta_B_Leitura|Mux7~7                           ; 0                 ; 6       ;
;      - mux_16to1_8bit:Porta_B_Leitura|Mux7~8                           ; 0                 ; 6       ;
; w_data[7]                                                              ;                   ;         ;
;      - register_8bit:inst3|d_flip_flop:dff_block[7].dff_inst|q         ; 0                 ; 6       ;
;      - register_8bit:inst4|d_flip_flop:dff_block[7].dff_inst|q         ; 0                 ; 6       ;
;      - register_8bit:inst5|d_flip_flop:dff_block[7].dff_inst|q         ; 0                 ; 6       ;
;      - register_8bit:inst6|d_flip_flop:dff_block[7].dff_inst|q         ; 0                 ; 6       ;
;      - register_8bit:inst7|d_flip_flop:dff_block[7].dff_inst|q         ; 0                 ; 6       ;
;      - register_8bit:inst8|d_flip_flop:dff_block[7].dff_inst|q         ; 0                 ; 6       ;
;      - register_8bit:inst9|d_flip_flop:dff_block[7].dff_inst|q         ; 0                 ; 6       ;
;      - register_8bit:8_registrador|d_flip_flop:dff_block[7].dff_inst|q ; 0                 ; 6       ;
;      - register_8bit:inst11|d_flip_flop:dff_block[7].dff_inst|q        ; 0                 ; 6       ;
;      - register_8bit:inst12|d_flip_flop:dff_block[7].dff_inst|q        ; 0                 ; 6       ;
;      - register_8bit:inst13|d_flip_flop:dff_block[7].dff_inst|q        ; 0                 ; 6       ;
;      - register_8bit:inst14|d_flip_flop:dff_block[7].dff_inst|q        ; 0                 ; 6       ;
;      - register_8bit:inst15|d_flip_flop:dff_block[7].dff_inst|q        ; 0                 ; 6       ;
;      - register_8bit:inst16|d_flip_flop:dff_block[7].dff_inst|q        ; 0                 ; 6       ;
;      - register_8bit:inst17|d_flip_flop:dff_block[7].dff_inst|q        ; 0                 ; 6       ;
;      - register_8bit:inst18|d_flip_flop:dff_block[7].dff_inst|q        ; 0                 ; 6       ;
; clk                                                                    ;                   ;         ;
; rst_n                                                                  ;                   ;         ;
; w_data[6]                                                              ;                   ;         ;
;      - register_8bit:inst3|d_flip_flop:dff_block[6].dff_inst|q         ; 0                 ; 6       ;
;      - register_8bit:inst4|d_flip_flop:dff_block[6].dff_inst|q         ; 0                 ; 6       ;
;      - register_8bit:inst5|d_flip_flop:dff_block[6].dff_inst|q         ; 0                 ; 6       ;
;      - register_8bit:inst6|d_flip_flop:dff_block[6].dff_inst|q         ; 0                 ; 6       ;
;      - register_8bit:inst7|d_flip_flop:dff_block[6].dff_inst|q         ; 0                 ; 6       ;
;      - register_8bit:inst8|d_flip_flop:dff_block[6].dff_inst|q         ; 0                 ; 6       ;
;      - register_8bit:inst9|d_flip_flop:dff_block[6].dff_inst|q         ; 0                 ; 6       ;
;      - register_8bit:8_registrador|d_flip_flop:dff_block[6].dff_inst|q ; 0                 ; 6       ;
;      - register_8bit:inst11|d_flip_flop:dff_block[6].dff_inst|q        ; 0                 ; 6       ;
;      - register_8bit:inst12|d_flip_flop:dff_block[6].dff_inst|q        ; 0                 ; 6       ;
;      - register_8bit:inst13|d_flip_flop:dff_block[6].dff_inst|q        ; 0                 ; 6       ;
;      - register_8bit:inst14|d_flip_flop:dff_block[6].dff_inst|q        ; 0                 ; 6       ;
;      - register_8bit:inst15|d_flip_flop:dff_block[6].dff_inst|q        ; 0                 ; 6       ;
;      - register_8bit:inst16|d_flip_flop:dff_block[6].dff_inst|q        ; 0                 ; 6       ;
;      - register_8bit:inst17|d_flip_flop:dff_block[6].dff_inst|q        ; 0                 ; 6       ;
;      - register_8bit:inst18|d_flip_flop:dff_block[6].dff_inst|q        ; 0                 ; 6       ;
; w_data[5]                                                              ;                   ;         ;
;      - register_8bit:inst3|d_flip_flop:dff_block[5].dff_inst|q         ; 1                 ; 6       ;
;      - register_8bit:inst4|d_flip_flop:dff_block[5].dff_inst|q         ; 1                 ; 6       ;
;      - register_8bit:inst5|d_flip_flop:dff_block[5].dff_inst|q         ; 1                 ; 6       ;
;      - register_8bit:inst6|d_flip_flop:dff_block[5].dff_inst|q         ; 1                 ; 6       ;
;      - register_8bit:inst7|d_flip_flop:dff_block[5].dff_inst|q         ; 1                 ; 6       ;
;      - register_8bit:inst8|d_flip_flop:dff_block[5].dff_inst|q         ; 1                 ; 6       ;
;      - register_8bit:inst9|d_flip_flop:dff_block[5].dff_inst|q         ; 1                 ; 6       ;
;      - register_8bit:8_registrador|d_flip_flop:dff_block[5].dff_inst|q ; 1                 ; 6       ;
;      - register_8bit:inst11|d_flip_flop:dff_block[5].dff_inst|q        ; 1                 ; 6       ;
;      - register_8bit:inst12|d_flip_flop:dff_block[5].dff_inst|q        ; 1                 ; 6       ;
;      - register_8bit:inst13|d_flip_flop:dff_block[5].dff_inst|q        ; 1                 ; 6       ;
;      - register_8bit:inst14|d_flip_flop:dff_block[5].dff_inst|q        ; 1                 ; 6       ;
;      - register_8bit:inst15|d_flip_flop:dff_block[5].dff_inst|q        ; 1                 ; 6       ;
;      - register_8bit:inst16|d_flip_flop:dff_block[5].dff_inst|q        ; 1                 ; 6       ;
;      - register_8bit:inst17|d_flip_flop:dff_block[5].dff_inst|q        ; 1                 ; 6       ;
;      - register_8bit:inst18|d_flip_flop:dff_block[5].dff_inst|q        ; 1                 ; 6       ;
; w_data[4]                                                              ;                   ;         ;
;      - register_8bit:inst3|d_flip_flop:dff_block[4].dff_inst|q         ; 0                 ; 6       ;
;      - register_8bit:inst4|d_flip_flop:dff_block[4].dff_inst|q         ; 0                 ; 6       ;
;      - register_8bit:inst5|d_flip_flop:dff_block[4].dff_inst|q         ; 0                 ; 6       ;
;      - register_8bit:inst6|d_flip_flop:dff_block[4].dff_inst|q         ; 0                 ; 6       ;
;      - register_8bit:inst7|d_flip_flop:dff_block[4].dff_inst|q         ; 0                 ; 6       ;
;      - register_8bit:inst8|d_flip_flop:dff_block[4].dff_inst|q         ; 0                 ; 6       ;
;      - register_8bit:inst9|d_flip_flop:dff_block[4].dff_inst|q         ; 0                 ; 6       ;
;      - register_8bit:8_registrador|d_flip_flop:dff_block[4].dff_inst|q ; 0                 ; 6       ;
;      - register_8bit:inst11|d_flip_flop:dff_block[4].dff_inst|q        ; 0                 ; 6       ;
;      - register_8bit:inst12|d_flip_flop:dff_block[4].dff_inst|q        ; 0                 ; 6       ;
;      - register_8bit:inst13|d_flip_flop:dff_block[4].dff_inst|q        ; 0                 ; 6       ;
;      - register_8bit:inst14|d_flip_flop:dff_block[4].dff_inst|q        ; 0                 ; 6       ;
;      - register_8bit:inst15|d_flip_flop:dff_block[4].dff_inst|q        ; 0                 ; 6       ;
;      - register_8bit:inst16|d_flip_flop:dff_block[4].dff_inst|q        ; 0                 ; 6       ;
;      - register_8bit:inst17|d_flip_flop:dff_block[4].dff_inst|q        ; 0                 ; 6       ;
;      - register_8bit:inst18|d_flip_flop:dff_block[4].dff_inst|q        ; 0                 ; 6       ;
; w_data[3]                                                              ;                   ;         ;
;      - register_8bit:inst3|d_flip_flop:dff_block[3].dff_inst|q         ; 0                 ; 6       ;
;      - register_8bit:inst4|d_flip_flop:dff_block[3].dff_inst|q         ; 0                 ; 6       ;
;      - register_8bit:inst5|d_flip_flop:dff_block[3].dff_inst|q         ; 0                 ; 6       ;
;      - register_8bit:inst6|d_flip_flop:dff_block[3].dff_inst|q         ; 0                 ; 6       ;
;      - register_8bit:inst7|d_flip_flop:dff_block[3].dff_inst|q         ; 0                 ; 6       ;
;      - register_8bit:inst8|d_flip_flop:dff_block[3].dff_inst|q         ; 0                 ; 6       ;
;      - register_8bit:inst9|d_flip_flop:dff_block[3].dff_inst|q         ; 0                 ; 6       ;
;      - register_8bit:8_registrador|d_flip_flop:dff_block[3].dff_inst|q ; 0                 ; 6       ;
;      - register_8bit:inst11|d_flip_flop:dff_block[3].dff_inst|q        ; 0                 ; 6       ;
;      - register_8bit:inst12|d_flip_flop:dff_block[3].dff_inst|q        ; 0                 ; 6       ;
;      - register_8bit:inst13|d_flip_flop:dff_block[3].dff_inst|q        ; 0                 ; 6       ;
;      - register_8bit:inst14|d_flip_flop:dff_block[3].dff_inst|q        ; 0                 ; 6       ;
;      - register_8bit:inst15|d_flip_flop:dff_block[3].dff_inst|q        ; 0                 ; 6       ;
;      - register_8bit:inst16|d_flip_flop:dff_block[3].dff_inst|q        ; 0                 ; 6       ;
;      - register_8bit:inst17|d_flip_flop:dff_block[3].dff_inst|q        ; 0                 ; 6       ;
;      - register_8bit:inst18|d_flip_flop:dff_block[3].dff_inst|q        ; 0                 ; 6       ;
; w_data[2]                                                              ;                   ;         ;
;      - register_8bit:inst3|d_flip_flop:dff_block[2].dff_inst|q         ; 0                 ; 6       ;
;      - register_8bit:inst4|d_flip_flop:dff_block[2].dff_inst|q         ; 0                 ; 6       ;
;      - register_8bit:inst5|d_flip_flop:dff_block[2].dff_inst|q         ; 0                 ; 6       ;
;      - register_8bit:inst6|d_flip_flop:dff_block[2].dff_inst|q         ; 0                 ; 6       ;
;      - register_8bit:inst7|d_flip_flop:dff_block[2].dff_inst|q         ; 0                 ; 6       ;
;      - register_8bit:inst8|d_flip_flop:dff_block[2].dff_inst|q         ; 0                 ; 6       ;
;      - register_8bit:inst9|d_flip_flop:dff_block[2].dff_inst|q         ; 0                 ; 6       ;
;      - register_8bit:8_registrador|d_flip_flop:dff_block[2].dff_inst|q ; 0                 ; 6       ;
;      - register_8bit:inst11|d_flip_flop:dff_block[2].dff_inst|q        ; 0                 ; 6       ;
;      - register_8bit:inst12|d_flip_flop:dff_block[2].dff_inst|q        ; 0                 ; 6       ;
;      - register_8bit:inst13|d_flip_flop:dff_block[2].dff_inst|q        ; 0                 ; 6       ;
;      - register_8bit:inst14|d_flip_flop:dff_block[2].dff_inst|q        ; 0                 ; 6       ;
;      - register_8bit:inst15|d_flip_flop:dff_block[2].dff_inst|q        ; 0                 ; 6       ;
;      - register_8bit:inst16|d_flip_flop:dff_block[2].dff_inst|q        ; 0                 ; 6       ;
;      - register_8bit:inst17|d_flip_flop:dff_block[2].dff_inst|q        ; 0                 ; 6       ;
;      - register_8bit:inst18|d_flip_flop:dff_block[2].dff_inst|q        ; 0                 ; 6       ;
; w_data[1]                                                              ;                   ;         ;
;      - register_8bit:inst3|d_flip_flop:dff_block[1].dff_inst|q         ; 0                 ; 6       ;
;      - register_8bit:inst4|d_flip_flop:dff_block[1].dff_inst|q         ; 0                 ; 6       ;
;      - register_8bit:inst5|d_flip_flop:dff_block[1].dff_inst|q         ; 0                 ; 6       ;
;      - register_8bit:inst6|d_flip_flop:dff_block[1].dff_inst|q         ; 0                 ; 6       ;
;      - register_8bit:inst7|d_flip_flop:dff_block[1].dff_inst|q         ; 0                 ; 6       ;
;      - register_8bit:inst8|d_flip_flop:dff_block[1].dff_inst|q         ; 0                 ; 6       ;
;      - register_8bit:inst9|d_flip_flop:dff_block[1].dff_inst|q         ; 0                 ; 6       ;
;      - register_8bit:8_registrador|d_flip_flop:dff_block[1].dff_inst|q ; 0                 ; 6       ;
;      - register_8bit:inst11|d_flip_flop:dff_block[1].dff_inst|q        ; 0                 ; 6       ;
;      - register_8bit:inst12|d_flip_flop:dff_block[1].dff_inst|q        ; 0                 ; 6       ;
;      - register_8bit:inst13|d_flip_flop:dff_block[1].dff_inst|q        ; 0                 ; 6       ;
;      - register_8bit:inst14|d_flip_flop:dff_block[1].dff_inst|q        ; 0                 ; 6       ;
;      - register_8bit:inst15|d_flip_flop:dff_block[1].dff_inst|q        ; 0                 ; 6       ;
;      - register_8bit:inst16|d_flip_flop:dff_block[1].dff_inst|q        ; 0                 ; 6       ;
;      - register_8bit:inst17|d_flip_flop:dff_block[1].dff_inst|q        ; 0                 ; 6       ;
;      - register_8bit:inst18|d_flip_flop:dff_block[1].dff_inst|q        ; 0                 ; 6       ;
; w_data[0]                                                              ;                   ;         ;
;      - register_8bit:inst3|d_flip_flop:dff_block[0].dff_inst|q         ; 1                 ; 6       ;
;      - register_8bit:inst4|d_flip_flop:dff_block[0].dff_inst|q         ; 1                 ; 6       ;
;      - register_8bit:inst5|d_flip_flop:dff_block[0].dff_inst|q         ; 1                 ; 6       ;
;      - register_8bit:inst6|d_flip_flop:dff_block[0].dff_inst|q         ; 1                 ; 6       ;
;      - register_8bit:inst7|d_flip_flop:dff_block[0].dff_inst|q         ; 1                 ; 6       ;
;      - register_8bit:inst8|d_flip_flop:dff_block[0].dff_inst|q         ; 1                 ; 6       ;
;      - register_8bit:inst9|d_flip_flop:dff_block[0].dff_inst|q         ; 1                 ; 6       ;
;      - register_8bit:8_registrador|d_flip_flop:dff_block[0].dff_inst|q ; 1                 ; 6       ;
;      - register_8bit:inst11|d_flip_flop:dff_block[0].dff_inst|q        ; 1                 ; 6       ;
;      - register_8bit:inst12|d_flip_flop:dff_block[0].dff_inst|q        ; 1                 ; 6       ;
;      - register_8bit:inst13|d_flip_flop:dff_block[0].dff_inst|q        ; 1                 ; 6       ;
;      - register_8bit:inst14|d_flip_flop:dff_block[0].dff_inst|q        ; 1                 ; 6       ;
;      - register_8bit:inst15|d_flip_flop:dff_block[0].dff_inst|q        ; 1                 ; 6       ;
;      - register_8bit:inst16|d_flip_flop:dff_block[0].dff_inst|q        ; 1                 ; 6       ;
;      - register_8bit:inst17|d_flip_flop:dff_block[0].dff_inst|q        ; 1                 ; 6       ;
;      - register_8bit:inst18|d_flip_flop:dff_block[0].dff_inst|q        ; 1                 ; 6       ;
+------------------------------------------------------------------------+-------------------+---------+


+----------------------------------------------------------------------------------------------------------------------------------------------------------------+
; Control Signals                                                                                                                                                ;
+-----------------------------------+--------------------+---------+--------------+--------+----------------------+------------------+---------------------------+
; Name                              ; Location           ; Fan-Out ; Usage        ; Global ; Global Resource Used ; Global Line Name ; Enable Signal Source Name ;
+-----------------------------------+--------------------+---------+--------------+--------+----------------------+------------------+---------------------------+
; clk                               ; PIN_M10            ; 128     ; Clock        ; yes    ; Global Clock         ; GCLK17           ; --                        ;
; decoder_4_to_16:inst|we_dec[0]~15 ; LCCOMB_X38_Y40_N30 ; 9       ; Clock enable ; no     ; --                   ; --               ; --                        ;
; decoder_4_to_16:inst|we_dec[10]~5 ; LCCOMB_X38_Y40_N26 ; 9       ; Clock enable ; no     ; --                   ; --               ; --                        ;
; decoder_4_to_16:inst|we_dec[11]~4 ; LCCOMB_X38_Y40_N24 ; 9       ; Clock enable ; no     ; --                   ; --               ; --                        ;
; decoder_4_to_16:inst|we_dec[12]~3 ; LCCOMB_X38_Y40_N6  ; 9       ; Clock enable ; no     ; --                   ; --               ; --                        ;
; decoder_4_to_16:inst|we_dec[13]~2 ; LCCOMB_X38_Y40_N28 ; 9       ; Clock enable ; no     ; --                   ; --               ; --                        ;
; decoder_4_to_16:inst|we_dec[14]~1 ; LCCOMB_X38_Y40_N10 ; 9       ; Clock enable ; no     ; --                   ; --               ; --                        ;
; decoder_4_to_16:inst|we_dec[15]~0 ; LCCOMB_X38_Y40_N16 ; 9       ; Clock enable ; no     ; --                   ; --               ; --                        ;
; decoder_4_to_16:inst|we_dec[1]~14 ; LCCOMB_X38_Y40_N20 ; 9       ; Clock enable ; no     ; --                   ; --               ; --                        ;
; decoder_4_to_16:inst|we_dec[2]~13 ; LCCOMB_X38_Y40_N2  ; 9       ; Clock enable ; no     ; --                   ; --               ; --                        ;
; decoder_4_to_16:inst|we_dec[3]~12 ; LCCOMB_X38_Y40_N8  ; 9       ; Clock enable ; no     ; --                   ; --               ; --                        ;
; decoder_4_to_16:inst|we_dec[4]~11 ; LCCOMB_X38_Y40_N22 ; 9       ; Clock enable ; no     ; --                   ; --               ; --                        ;
; decoder_4_to_16:inst|we_dec[5]~10 ; LCCOMB_X38_Y40_N12 ; 9       ; Clock enable ; no     ; --                   ; --               ; --                        ;
; decoder_4_to_16:inst|we_dec[6]~9  ; LCCOMB_X38_Y40_N18 ; 9       ; Clock enable ; no     ; --                   ; --               ; --                        ;
; decoder_4_to_16:inst|we_dec[7]~8  ; LCCOMB_X38_Y40_N0  ; 9       ; Clock enable ; no     ; --                   ; --               ; --                        ;
; decoder_4_to_16:inst|we_dec[8]~7  ; LCCOMB_X38_Y40_N14 ; 9       ; Clock enable ; no     ; --                   ; --               ; --                        ;
; decoder_4_to_16:inst|we_dec[9]~6  ; LCCOMB_X38_Y40_N4  ; 9       ; Clock enable ; no     ; --                   ; --               ; --                        ;
; rst_n                             ; PIN_M9             ; 128     ; Async. clear ; yes    ; Global Clock         ; GCLK19           ; --                        ;
+-----------------------------------+--------------------+---------+--------------+--------+----------------------+------------------+---------------------------+


+-----------------------------------------------------------------------------------------------------------------------------------------+
; Global & Other Fast Signals                                                                                                             ;
+-------+----------+---------+--------------------------------------+----------------------+------------------+---------------------------+
; Name  ; Location ; Fan-Out ; Fan-Out Using Intentional Clock Skew ; Global Resource Used ; Global Line Name ; Enable Signal Source Name ;
+-------+----------+---------+--------------------------------------+----------------------+------------------+---------------------------+
; clk   ; PIN_M10  ; 128     ; 0                                    ; Global Clock         ; GCLK17           ; --                        ;
; rst_n ; PIN_M9   ; 128     ; 0                                    ; Global Clock         ; GCLK19           ; --                        ;
+-------+----------+---------+--------------------------------------+----------------------+------------------+---------------------------+


+---------------------------------------------------------------------------+
; Non-Global High Fan-Out Signals                                           ;
+-----------------------------------------------------------------+---------+
; Name                                                            ; Fan-Out ;
+-----------------------------------------------------------------+---------+
; r_addr_b[2]~input                                               ; 30      ;
; r_addr_b[3]~input                                               ; 30      ;
; r_addr_b[0]~input                                               ; 30      ;
; r_addr_b[1]~input                                               ; 30      ;
; r_addr_a[2]~input                                               ; 30      ;
; r_addr_a[3]~input                                               ; 30      ;
; r_addr_a[0]~input                                               ; 30      ;
; r_addr_a[1]~input                                               ; 30      ;
; w_data[0]~input                                                 ; 16      ;
; w_data[1]~input                                                 ; 16      ;
; w_data[2]~input                                                 ; 16      ;
; w_data[3]~input                                                 ; 16      ;
; w_data[4]~input                                                 ; 16      ;
; w_data[5]~input                                                 ; 16      ;
; w_data[6]~input                                                 ; 16      ;
; w_data[7]~input                                                 ; 16      ;
; w_addr[3]~input                                                 ; 16      ;
; w_addr[2]~input                                                 ; 16      ;
; w_addr[1]~input                                                 ; 16      ;
; w_addr[0]~input                                                 ; 16      ;
; we~input                                                        ; 16      ;
; decoder_4_to_16:inst|we_dec[0]~15                               ; 9       ;
; decoder_4_to_16:inst|we_dec[1]~14                               ; 9       ;
; decoder_4_to_16:inst|we_dec[2]~13                               ; 9       ;
; decoder_4_to_16:inst|we_dec[3]~12                               ; 9       ;
; decoder_4_to_16:inst|we_dec[4]~11                               ; 9       ;
; decoder_4_to_16:inst|we_dec[5]~10                               ; 9       ;
; decoder_4_to_16:inst|we_dec[6]~9                                ; 9       ;
; decoder_4_to_16:inst|we_dec[7]~8                                ; 9       ;
; decoder_4_to_16:inst|we_dec[8]~7                                ; 9       ;
; decoder_4_to_16:inst|we_dec[9]~6                                ; 9       ;
; decoder_4_to_16:inst|we_dec[10]~5                               ; 9       ;
; decoder_4_to_16:inst|we_dec[11]~4                               ; 9       ;
; decoder_4_to_16:inst|we_dec[12]~3                               ; 9       ;
; decoder_4_to_16:inst|we_dec[13]~2                               ; 9       ;
; decoder_4_to_16:inst|we_dec[14]~1                               ; 9       ;
; decoder_4_to_16:inst|we_dec[15]~0                               ; 9       ;
; register_8bit:inst18|d_flip_flop:dff_block[0].dff_inst|q        ; 2       ;
; register_8bit:inst6|d_flip_flop:dff_block[0].dff_inst|q         ; 2       ;
; register_8bit:inst14|d_flip_flop:dff_block[0].dff_inst|q        ; 2       ;
; register_8bit:8_registrador|d_flip_flop:dff_block[0].dff_inst|q ; 2       ;
; register_8bit:inst15|d_flip_flop:dff_block[0].dff_inst|q        ; 2       ;
; register_8bit:inst3|d_flip_flop:dff_block[0].dff_inst|q         ; 2       ;
; register_8bit:inst7|d_flip_flop:dff_block[0].dff_inst|q         ; 2       ;
; register_8bit:inst11|d_flip_flop:dff_block[0].dff_inst|q        ; 2       ;
; register_8bit:inst17|d_flip_flop:dff_block[0].dff_inst|q        ; 2       ;
; register_8bit:inst5|d_flip_flop:dff_block[0].dff_inst|q         ; 2       ;
; register_8bit:inst9|d_flip_flop:dff_block[0].dff_inst|q         ; 2       ;
; register_8bit:inst13|d_flip_flop:dff_block[0].dff_inst|q        ; 2       ;
; register_8bit:inst16|d_flip_flop:dff_block[0].dff_inst|q        ; 2       ;
; register_8bit:inst4|d_flip_flop:dff_block[0].dff_inst|q         ; 2       ;
; register_8bit:inst12|d_flip_flop:dff_block[0].dff_inst|q        ; 2       ;
; register_8bit:inst8|d_flip_flop:dff_block[0].dff_inst|q         ; 2       ;
; register_8bit:inst18|d_flip_flop:dff_block[1].dff_inst|q        ; 2       ;
; register_8bit:inst15|d_flip_flop:dff_block[1].dff_inst|q        ; 2       ;
; register_8bit:inst16|d_flip_flop:dff_block[1].dff_inst|q        ; 2       ;
; register_8bit:inst17|d_flip_flop:dff_block[1].dff_inst|q        ; 2       ;
; register_8bit:inst6|d_flip_flop:dff_block[1].dff_inst|q         ; 2       ;
; register_8bit:inst3|d_flip_flop:dff_block[1].dff_inst|q         ; 2       ;
; register_8bit:inst5|d_flip_flop:dff_block[1].dff_inst|q         ; 2       ;
; register_8bit:inst4|d_flip_flop:dff_block[1].dff_inst|q         ; 2       ;
; register_8bit:inst14|d_flip_flop:dff_block[1].dff_inst|q        ; 2       ;
; register_8bit:inst11|d_flip_flop:dff_block[1].dff_inst|q        ; 2       ;
; register_8bit:inst13|d_flip_flop:dff_block[1].dff_inst|q        ; 2       ;
; register_8bit:inst12|d_flip_flop:dff_block[1].dff_inst|q        ; 2       ;
; register_8bit:8_registrador|d_flip_flop:dff_block[1].dff_inst|q ; 2       ;
; register_8bit:inst7|d_flip_flop:dff_block[1].dff_inst|q         ; 2       ;
; register_8bit:inst8|d_flip_flop:dff_block[1].dff_inst|q         ; 2       ;
; register_8bit:inst9|d_flip_flop:dff_block[1].dff_inst|q         ; 2       ;
; register_8bit:inst18|d_flip_flop:dff_block[2].dff_inst|q        ; 2       ;
; register_8bit:inst6|d_flip_flop:dff_block[2].dff_inst|q         ; 2       ;
; register_8bit:8_registrador|d_flip_flop:dff_block[2].dff_inst|q ; 2       ;
; register_8bit:inst14|d_flip_flop:dff_block[2].dff_inst|q        ; 2       ;
; register_8bit:inst15|d_flip_flop:dff_block[2].dff_inst|q        ; 2       ;
; register_8bit:inst3|d_flip_flop:dff_block[2].dff_inst|q         ; 2       ;
; register_8bit:inst11|d_flip_flop:dff_block[2].dff_inst|q        ; 2       ;
; register_8bit:inst7|d_flip_flop:dff_block[2].dff_inst|q         ; 2       ;
; register_8bit:inst16|d_flip_flop:dff_block[2].dff_inst|q        ; 2       ;
; register_8bit:inst4|d_flip_flop:dff_block[2].dff_inst|q         ; 2       ;
; register_8bit:inst8|d_flip_flop:dff_block[2].dff_inst|q         ; 2       ;
; register_8bit:inst12|d_flip_flop:dff_block[2].dff_inst|q        ; 2       ;
; register_8bit:inst17|d_flip_flop:dff_block[2].dff_inst|q        ; 2       ;
; register_8bit:inst5|d_flip_flop:dff_block[2].dff_inst|q         ; 2       ;
; register_8bit:inst13|d_flip_flop:dff_block[2].dff_inst|q        ; 2       ;
; register_8bit:inst9|d_flip_flop:dff_block[2].dff_inst|q         ; 2       ;
; register_8bit:inst18|d_flip_flop:dff_block[3].dff_inst|q        ; 2       ;
; register_8bit:inst15|d_flip_flop:dff_block[3].dff_inst|q        ; 2       ;
; register_8bit:inst17|d_flip_flop:dff_block[3].dff_inst|q        ; 2       ;
; register_8bit:inst16|d_flip_flop:dff_block[3].dff_inst|q        ; 2       ;
; register_8bit:inst6|d_flip_flop:dff_block[3].dff_inst|q         ; 2       ;
; register_8bit:inst3|d_flip_flop:dff_block[3].dff_inst|q         ; 2       ;
; register_8bit:inst4|d_flip_flop:dff_block[3].dff_inst|q         ; 2       ;
; register_8bit:inst5|d_flip_flop:dff_block[3].dff_inst|q         ; 2       ;
; register_8bit:8_registrador|d_flip_flop:dff_block[3].dff_inst|q ; 2       ;
; register_8bit:inst7|d_flip_flop:dff_block[3].dff_inst|q         ; 2       ;
; register_8bit:inst9|d_flip_flop:dff_block[3].dff_inst|q         ; 2       ;
; register_8bit:inst8|d_flip_flop:dff_block[3].dff_inst|q         ; 2       ;
; register_8bit:inst14|d_flip_flop:dff_block[3].dff_inst|q        ; 2       ;
; register_8bit:inst11|d_flip_flop:dff_block[3].dff_inst|q        ; 2       ;
; register_8bit:inst12|d_flip_flop:dff_block[3].dff_inst|q        ; 2       ;
; register_8bit:inst13|d_flip_flop:dff_block[3].dff_inst|q        ; 2       ;
; register_8bit:inst18|d_flip_flop:dff_block[4].dff_inst|q        ; 2       ;
; register_8bit:inst6|d_flip_flop:dff_block[4].dff_inst|q         ; 2       ;
; register_8bit:inst14|d_flip_flop:dff_block[4].dff_inst|q        ; 2       ;
; register_8bit:8_registrador|d_flip_flop:dff_block[4].dff_inst|q ; 2       ;
; register_8bit:inst15|d_flip_flop:dff_block[4].dff_inst|q        ; 2       ;
; register_8bit:inst3|d_flip_flop:dff_block[4].dff_inst|q         ; 2       ;
; register_8bit:inst7|d_flip_flop:dff_block[4].dff_inst|q         ; 2       ;
; register_8bit:inst11|d_flip_flop:dff_block[4].dff_inst|q        ; 2       ;
; register_8bit:inst17|d_flip_flop:dff_block[4].dff_inst|q        ; 2       ;
; register_8bit:inst5|d_flip_flop:dff_block[4].dff_inst|q         ; 2       ;
; register_8bit:inst9|d_flip_flop:dff_block[4].dff_inst|q         ; 2       ;
; register_8bit:inst13|d_flip_flop:dff_block[4].dff_inst|q        ; 2       ;
; register_8bit:inst16|d_flip_flop:dff_block[4].dff_inst|q        ; 2       ;
; register_8bit:inst4|d_flip_flop:dff_block[4].dff_inst|q         ; 2       ;
; register_8bit:inst12|d_flip_flop:dff_block[4].dff_inst|q        ; 2       ;
; register_8bit:inst8|d_flip_flop:dff_block[4].dff_inst|q         ; 2       ;
; register_8bit:inst18|d_flip_flop:dff_block[5].dff_inst|q        ; 2       ;
; register_8bit:inst15|d_flip_flop:dff_block[5].dff_inst|q        ; 2       ;
; register_8bit:inst16|d_flip_flop:dff_block[5].dff_inst|q        ; 2       ;
; register_8bit:inst17|d_flip_flop:dff_block[5].dff_inst|q        ; 2       ;
; register_8bit:inst6|d_flip_flop:dff_block[5].dff_inst|q         ; 2       ;
; register_8bit:inst3|d_flip_flop:dff_block[5].dff_inst|q         ; 2       ;
; register_8bit:inst5|d_flip_flop:dff_block[5].dff_inst|q         ; 2       ;
; register_8bit:inst4|d_flip_flop:dff_block[5].dff_inst|q         ; 2       ;
; register_8bit:inst14|d_flip_flop:dff_block[5].dff_inst|q        ; 2       ;
; register_8bit:inst11|d_flip_flop:dff_block[5].dff_inst|q        ; 2       ;
; register_8bit:inst13|d_flip_flop:dff_block[5].dff_inst|q        ; 2       ;
; register_8bit:inst12|d_flip_flop:dff_block[5].dff_inst|q        ; 2       ;
; register_8bit:8_registrador|d_flip_flop:dff_block[5].dff_inst|q ; 2       ;
; register_8bit:inst7|d_flip_flop:dff_block[5].dff_inst|q         ; 2       ;
; register_8bit:inst8|d_flip_flop:dff_block[5].dff_inst|q         ; 2       ;
; register_8bit:inst9|d_flip_flop:dff_block[5].dff_inst|q         ; 2       ;
; register_8bit:inst18|d_flip_flop:dff_block[6].dff_inst|q        ; 2       ;
; register_8bit:inst6|d_flip_flop:dff_block[6].dff_inst|q         ; 2       ;
; register_8bit:8_registrador|d_flip_flop:dff_block[6].dff_inst|q ; 2       ;
; register_8bit:inst14|d_flip_flop:dff_block[6].dff_inst|q        ; 2       ;
; register_8bit:inst15|d_flip_flop:dff_block[6].dff_inst|q        ; 2       ;
; register_8bit:inst3|d_flip_flop:dff_block[6].dff_inst|q         ; 2       ;
; register_8bit:inst11|d_flip_flop:dff_block[6].dff_inst|q        ; 2       ;
; register_8bit:inst7|d_flip_flop:dff_block[6].dff_inst|q         ; 2       ;
; register_8bit:inst16|d_flip_flop:dff_block[6].dff_inst|q        ; 2       ;
; register_8bit:inst4|d_flip_flop:dff_block[6].dff_inst|q         ; 2       ;
; register_8bit:inst8|d_flip_flop:dff_block[6].dff_inst|q         ; 2       ;
; register_8bit:inst12|d_flip_flop:dff_block[6].dff_inst|q        ; 2       ;
; register_8bit:inst17|d_flip_flop:dff_block[6].dff_inst|q        ; 2       ;
; register_8bit:inst5|d_flip_flop:dff_block[6].dff_inst|q         ; 2       ;
; register_8bit:inst13|d_flip_flop:dff_block[6].dff_inst|q        ; 2       ;
; register_8bit:inst9|d_flip_flop:dff_block[6].dff_inst|q         ; 2       ;
; register_8bit:inst18|d_flip_flop:dff_block[7].dff_inst|q        ; 2       ;
; register_8bit:inst15|d_flip_flop:dff_block[7].dff_inst|q        ; 2       ;
; register_8bit:inst17|d_flip_flop:dff_block[7].dff_inst|q        ; 2       ;
; register_8bit:inst16|d_flip_flop:dff_block[7].dff_inst|q        ; 2       ;
; register_8bit:inst6|d_flip_flop:dff_block[7].dff_inst|q         ; 2       ;
; register_8bit:inst3|d_flip_flop:dff_block[7].dff_inst|q         ; 2       ;
; register_8bit:inst4|d_flip_flop:dff_block[7].dff_inst|q         ; 2       ;
; register_8bit:inst5|d_flip_flop:dff_block[7].dff_inst|q         ; 2       ;
; register_8bit:8_registrador|d_flip_flop:dff_block[7].dff_inst|q ; 2       ;
; register_8bit:inst7|d_flip_flop:dff_block[7].dff_inst|q         ; 2       ;
; register_8bit:inst9|d_flip_flop:dff_block[7].dff_inst|q         ; 2       ;
; register_8bit:inst8|d_flip_flop:dff_block[7].dff_inst|q         ; 2       ;
; register_8bit:inst14|d_flip_flop:dff_block[7].dff_inst|q        ; 2       ;
; register_8bit:inst11|d_flip_flop:dff_block[7].dff_inst|q        ; 2       ;
; register_8bit:inst12|d_flip_flop:dff_block[7].dff_inst|q        ; 2       ;
; register_8bit:inst13|d_flip_flop:dff_block[7].dff_inst|q        ; 2       ;
; mux_16to1_8bit:Porta_B_Leitura|Mux7~9                           ; 1       ;
; mux_16to1_8bit:Porta_B_Leitura|Mux7~8                           ; 1       ;
; mux_16to1_8bit:Porta_B_Leitura|Mux7~7                           ; 1       ;
; mux_16to1_8bit:Porta_B_Leitura|Mux7~6                           ; 1       ;
; mux_16to1_8bit:Porta_B_Leitura|Mux7~5                           ; 1       ;
; mux_16to1_8bit:Porta_B_Leitura|Mux7~4                           ; 1       ;
; mux_16to1_8bit:Porta_B_Leitura|Mux7~3                           ; 1       ;
; mux_16to1_8bit:Porta_B_Leitura|Mux7~2                           ; 1       ;
; mux_16to1_8bit:Porta_B_Leitura|Mux7~1                           ; 1       ;
; mux_16to1_8bit:Porta_B_Leitura|Mux7~0                           ; 1       ;
; mux_16to1_8bit:Porta_B_Leitura|Mux6~9                           ; 1       ;
; mux_16to1_8bit:Porta_B_Leitura|Mux6~8                           ; 1       ;
; mux_16to1_8bit:Porta_B_Leitura|Mux6~7                           ; 1       ;
; mux_16to1_8bit:Porta_B_Leitura|Mux6~6                           ; 1       ;
; mux_16to1_8bit:Porta_B_Leitura|Mux6~5                           ; 1       ;
; mux_16to1_8bit:Porta_B_Leitura|Mux6~4                           ; 1       ;
; mux_16to1_8bit:Porta_B_Leitura|Mux6~3                           ; 1       ;
; mux_16to1_8bit:Porta_B_Leitura|Mux6~2                           ; 1       ;
; mux_16to1_8bit:Porta_B_Leitura|Mux6~1                           ; 1       ;
; mux_16to1_8bit:Porta_B_Leitura|Mux6~0                           ; 1       ;
; mux_16to1_8bit:Porta_B_Leitura|Mux5~9                           ; 1       ;
; mux_16to1_8bit:Porta_B_Leitura|Mux5~8                           ; 1       ;
; mux_16to1_8bit:Porta_B_Leitura|Mux5~7                           ; 1       ;
; mux_16to1_8bit:Porta_B_Leitura|Mux5~6                           ; 1       ;
; mux_16to1_8bit:Porta_B_Leitura|Mux5~5                           ; 1       ;
; mux_16to1_8bit:Porta_B_Leitura|Mux5~4                           ; 1       ;
; mux_16to1_8bit:Porta_B_Leitura|Mux5~3                           ; 1       ;
; mux_16to1_8bit:Porta_B_Leitura|Mux5~2                           ; 1       ;
; mux_16to1_8bit:Porta_B_Leitura|Mux5~1                           ; 1       ;
; mux_16to1_8bit:Porta_B_Leitura|Mux5~0                           ; 1       ;
; mux_16to1_8bit:Porta_B_Leitura|Mux4~9                           ; 1       ;
; mux_16to1_8bit:Porta_B_Leitura|Mux4~8                           ; 1       ;
; mux_16to1_8bit:Porta_B_Leitura|Mux4~7                           ; 1       ;
; mux_16to1_8bit:Porta_B_Leitura|Mux4~6                           ; 1       ;
; mux_16to1_8bit:Porta_B_Leitura|Mux4~5                           ; 1       ;
; mux_16to1_8bit:Porta_B_Leitura|Mux4~4                           ; 1       ;
; mux_16to1_8bit:Porta_B_Leitura|Mux4~3                           ; 1       ;
; mux_16to1_8bit:Porta_B_Leitura|Mux4~2                           ; 1       ;
; mux_16to1_8bit:Porta_B_Leitura|Mux4~1                           ; 1       ;
; mux_16to1_8bit:Porta_B_Leitura|Mux4~0                           ; 1       ;
; mux_16to1_8bit:Porta_B_Leitura|Mux3~9                           ; 1       ;
; mux_16to1_8bit:Porta_B_Leitura|Mux3~8                           ; 1       ;
; mux_16to1_8bit:Porta_B_Leitura|Mux3~7                           ; 1       ;
; mux_16to1_8bit:Porta_B_Leitura|Mux3~6                           ; 1       ;
; mux_16to1_8bit:Porta_B_Leitura|Mux3~5                           ; 1       ;
; mux_16to1_8bit:Porta_B_Leitura|Mux3~4                           ; 1       ;
; mux_16to1_8bit:Porta_B_Leitura|Mux3~3                           ; 1       ;
; mux_16to1_8bit:Porta_B_Leitura|Mux3~2                           ; 1       ;
; mux_16to1_8bit:Porta_B_Leitura|Mux3~1                           ; 1       ;
; mux_16to1_8bit:Porta_B_Leitura|Mux3~0                           ; 1       ;
; mux_16to1_8bit:Porta_B_Leitura|Mux2~9                           ; 1       ;
; mux_16to1_8bit:Porta_B_Leitura|Mux2~8                           ; 1       ;
; mux_16to1_8bit:Porta_B_Leitura|Mux2~7                           ; 1       ;
; mux_16to1_8bit:Porta_B_Leitura|Mux2~6                           ; 1       ;
; mux_16to1_8bit:Porta_B_Leitura|Mux2~5                           ; 1       ;
; mux_16to1_8bit:Porta_B_Leitura|Mux2~4                           ; 1       ;
; mux_16to1_8bit:Porta_B_Leitura|Mux2~3                           ; 1       ;
; mux_16to1_8bit:Porta_B_Leitura|Mux2~2                           ; 1       ;
; mux_16to1_8bit:Porta_B_Leitura|Mux2~1                           ; 1       ;
; mux_16to1_8bit:Porta_B_Leitura|Mux2~0                           ; 1       ;
; mux_16to1_8bit:Porta_B_Leitura|Mux1~9                           ; 1       ;
; mux_16to1_8bit:Porta_B_Leitura|Mux1~8                           ; 1       ;
; mux_16to1_8bit:Porta_B_Leitura|Mux1~7                           ; 1       ;
; mux_16to1_8bit:Porta_B_Leitura|Mux1~6                           ; 1       ;
; mux_16to1_8bit:Porta_B_Leitura|Mux1~5                           ; 1       ;
; mux_16to1_8bit:Porta_B_Leitura|Mux1~4                           ; 1       ;
; mux_16to1_8bit:Porta_B_Leitura|Mux1~3                           ; 1       ;
; mux_16to1_8bit:Porta_B_Leitura|Mux1~2                           ; 1       ;
; mux_16to1_8bit:Porta_B_Leitura|Mux1~1                           ; 1       ;
; mux_16to1_8bit:Porta_B_Leitura|Mux1~0                           ; 1       ;
; mux_16to1_8bit:Porta_B_Leitura|Mux0~9                           ; 1       ;
; mux_16to1_8bit:Porta_B_Leitura|Mux0~8                           ; 1       ;
; mux_16to1_8bit:Porta_B_Leitura|Mux0~7                           ; 1       ;
; mux_16to1_8bit:Porta_B_Leitura|Mux0~6                           ; 1       ;
; mux_16to1_8bit:Porta_B_Leitura|Mux0~5                           ; 1       ;
; mux_16to1_8bit:Porta_B_Leitura|Mux0~4                           ; 1       ;
; mux_16to1_8bit:Porta_B_Leitura|Mux0~3                           ; 1       ;
; mux_16to1_8bit:Porta_B_Leitura|Mux0~2                           ; 1       ;
; mux_16to1_8bit:Porta_B_Leitura|Mux0~1                           ; 1       ;
; mux_16to1_8bit:Porta_B_Leitura|Mux0~0                           ; 1       ;
; decoder_4_to_16:inst|Decoder0~15                                ; 1       ;
; decoder_4_to_16:inst|Decoder0~14                                ; 1       ;
; decoder_4_to_16:inst|Decoder0~13                                ; 1       ;
; decoder_4_to_16:inst|Decoder0~12                                ; 1       ;
; decoder_4_to_16:inst|Decoder0~11                                ; 1       ;
; decoder_4_to_16:inst|Decoder0~10                                ; 1       ;
; decoder_4_to_16:inst|Decoder0~9                                 ; 1       ;
; decoder_4_to_16:inst|Decoder0~8                                 ; 1       ;
; decoder_4_to_16:inst|Decoder0~7                                 ; 1       ;
; decoder_4_to_16:inst|Decoder0~6                                 ; 1       ;
; decoder_4_to_16:inst|Decoder0~5                                 ; 1       ;
; decoder_4_to_16:inst|Decoder0~4                                 ; 1       ;
; decoder_4_to_16:inst|Decoder0~3                                 ; 1       ;
; decoder_4_to_16:inst|Decoder0~2                                 ; 1       ;
; decoder_4_to_16:inst|Decoder0~1                                 ; 1       ;
; decoder_4_to_16:inst|Decoder0~0                                 ; 1       ;
; mux_16to1_8bit:Porta_A_Leitura|Mux7~9                           ; 1       ;
; mux_16to1_8bit:Porta_A_Leitura|Mux7~8                           ; 1       ;
; mux_16to1_8bit:Porta_A_Leitura|Mux7~7                           ; 1       ;
; mux_16to1_8bit:Porta_A_Leitura|Mux7~6                           ; 1       ;
; mux_16to1_8bit:Porta_A_Leitura|Mux7~5                           ; 1       ;
; mux_16to1_8bit:Porta_A_Leitura|Mux7~4                           ; 1       ;
; mux_16to1_8bit:Porta_A_Leitura|Mux7~3                           ; 1       ;
; mux_16to1_8bit:Porta_A_Leitura|Mux7~2                           ; 1       ;
; mux_16to1_8bit:Porta_A_Leitura|Mux7~1                           ; 1       ;
; mux_16to1_8bit:Porta_A_Leitura|Mux7~0                           ; 1       ;
; mux_16to1_8bit:Porta_A_Leitura|Mux6~9                           ; 1       ;
; mux_16to1_8bit:Porta_A_Leitura|Mux6~8                           ; 1       ;
; mux_16to1_8bit:Porta_A_Leitura|Mux6~7                           ; 1       ;
; mux_16to1_8bit:Porta_A_Leitura|Mux6~6                           ; 1       ;
; mux_16to1_8bit:Porta_A_Leitura|Mux6~5                           ; 1       ;
; mux_16to1_8bit:Porta_A_Leitura|Mux6~4                           ; 1       ;
; mux_16to1_8bit:Porta_A_Leitura|Mux6~3                           ; 1       ;
; mux_16to1_8bit:Porta_A_Leitura|Mux6~2                           ; 1       ;
; mux_16to1_8bit:Porta_A_Leitura|Mux6~1                           ; 1       ;
; mux_16to1_8bit:Porta_A_Leitura|Mux6~0                           ; 1       ;
; mux_16to1_8bit:Porta_A_Leitura|Mux5~9                           ; 1       ;
; mux_16to1_8bit:Porta_A_Leitura|Mux5~8                           ; 1       ;
; mux_16to1_8bit:Porta_A_Leitura|Mux5~7                           ; 1       ;
; mux_16to1_8bit:Porta_A_Leitura|Mux5~6                           ; 1       ;
; mux_16to1_8bit:Porta_A_Leitura|Mux5~5                           ; 1       ;
; mux_16to1_8bit:Porta_A_Leitura|Mux5~4                           ; 1       ;
; mux_16to1_8bit:Porta_A_Leitura|Mux5~3                           ; 1       ;
; mux_16to1_8bit:Porta_A_Leitura|Mux5~2                           ; 1       ;
; mux_16to1_8bit:Porta_A_Leitura|Mux5~1                           ; 1       ;
; mux_16to1_8bit:Porta_A_Leitura|Mux5~0                           ; 1       ;
; mux_16to1_8bit:Porta_A_Leitura|Mux4~9                           ; 1       ;
; mux_16to1_8bit:Porta_A_Leitura|Mux4~8                           ; 1       ;
; mux_16to1_8bit:Porta_A_Leitura|Mux4~7                           ; 1       ;
; mux_16to1_8bit:Porta_A_Leitura|Mux4~6                           ; 1       ;
; mux_16to1_8bit:Porta_A_Leitura|Mux4~5                           ; 1       ;
; mux_16to1_8bit:Porta_A_Leitura|Mux4~4                           ; 1       ;
; mux_16to1_8bit:Porta_A_Leitura|Mux4~3                           ; 1       ;
; mux_16to1_8bit:Porta_A_Leitura|Mux4~2                           ; 1       ;
; mux_16to1_8bit:Porta_A_Leitura|Mux4~1                           ; 1       ;
; mux_16to1_8bit:Porta_A_Leitura|Mux4~0                           ; 1       ;
; mux_16to1_8bit:Porta_A_Leitura|Mux3~9                           ; 1       ;
; mux_16to1_8bit:Porta_A_Leitura|Mux3~8                           ; 1       ;
; mux_16to1_8bit:Porta_A_Leitura|Mux3~7                           ; 1       ;
; mux_16to1_8bit:Porta_A_Leitura|Mux3~6                           ; 1       ;
; mux_16to1_8bit:Porta_A_Leitura|Mux3~5                           ; 1       ;
; mux_16to1_8bit:Porta_A_Leitura|Mux3~4                           ; 1       ;
; mux_16to1_8bit:Porta_A_Leitura|Mux3~3                           ; 1       ;
; mux_16to1_8bit:Porta_A_Leitura|Mux3~2                           ; 1       ;
; mux_16to1_8bit:Porta_A_Leitura|Mux3~1                           ; 1       ;
; mux_16to1_8bit:Porta_A_Leitura|Mux3~0                           ; 1       ;
; mux_16to1_8bit:Porta_A_Leitura|Mux2~9                           ; 1       ;
; mux_16to1_8bit:Porta_A_Leitura|Mux2~8                           ; 1       ;
; mux_16to1_8bit:Porta_A_Leitura|Mux2~7                           ; 1       ;
; mux_16to1_8bit:Porta_A_Leitura|Mux2~6                           ; 1       ;
; mux_16to1_8bit:Porta_A_Leitura|Mux2~5                           ; 1       ;
; mux_16to1_8bit:Porta_A_Leitura|Mux2~4                           ; 1       ;
; mux_16to1_8bit:Porta_A_Leitura|Mux2~3                           ; 1       ;
; mux_16to1_8bit:Porta_A_Leitura|Mux2~2                           ; 1       ;
; mux_16to1_8bit:Porta_A_Leitura|Mux2~1                           ; 1       ;
; mux_16to1_8bit:Porta_A_Leitura|Mux2~0                           ; 1       ;
; mux_16to1_8bit:Porta_A_Leitura|Mux1~9                           ; 1       ;
; mux_16to1_8bit:Porta_A_Leitura|Mux1~8                           ; 1       ;
; mux_16to1_8bit:Porta_A_Leitura|Mux1~7                           ; 1       ;
; mux_16to1_8bit:Porta_A_Leitura|Mux1~6                           ; 1       ;
; mux_16to1_8bit:Porta_A_Leitura|Mux1~5                           ; 1       ;
; mux_16to1_8bit:Porta_A_Leitura|Mux1~4                           ; 1       ;
; mux_16to1_8bit:Porta_A_Leitura|Mux1~3                           ; 1       ;
; mux_16to1_8bit:Porta_A_Leitura|Mux1~2                           ; 1       ;
; mux_16to1_8bit:Porta_A_Leitura|Mux1~1                           ; 1       ;
; mux_16to1_8bit:Porta_A_Leitura|Mux1~0                           ; 1       ;
; mux_16to1_8bit:Porta_A_Leitura|Mux0~9                           ; 1       ;
; mux_16to1_8bit:Porta_A_Leitura|Mux0~8                           ; 1       ;
; mux_16to1_8bit:Porta_A_Leitura|Mux0~7                           ; 1       ;
; mux_16to1_8bit:Porta_A_Leitura|Mux0~6                           ; 1       ;
; mux_16to1_8bit:Porta_A_Leitura|Mux0~5                           ; 1       ;
; mux_16to1_8bit:Porta_A_Leitura|Mux0~4                           ; 1       ;
; mux_16to1_8bit:Porta_A_Leitura|Mux0~3                           ; 1       ;
; mux_16to1_8bit:Porta_A_Leitura|Mux0~2                           ; 1       ;
; mux_16to1_8bit:Porta_A_Leitura|Mux0~1                           ; 1       ;
; mux_16to1_8bit:Porta_A_Leitura|Mux0~0                           ; 1       ;
+-----------------------------------------------------------------+---------+


+------------------------------------------------------------+
; Other Routing Usage Summary                                ;
+-----------------------------------+------------------------+
; Other Routing Resource Type       ; Usage                  ;
+-----------------------------------+------------------------+
; Block interconnects               ; 453 / 88,936 ( < 1 % ) ;
; C16 interconnects                 ; 31 / 2,912 ( 1 % )     ;
; C4 interconnects                  ; 342 / 54,912 ( < 1 % ) ;
; Direct links                      ; 56 / 88,936 ( < 1 % )  ;
; GXB block output buffers          ; 0 / 1,600 ( 0 % )      ;
; Global clocks                     ; 2 / 20 ( 10 % )        ;
; Interquad Reference Clock Outputs ; 0 / 1 ( 0 % )          ;
; Interquad TXRX Clocks             ; 0 / 8 ( 0 % )          ;
; Interquad TXRX PCSRX outputs      ; 0 / 4 ( 0 % )          ;
; Interquad TXRX PCSTX outputs      ; 0 / 4 ( 0 % )          ;
; Local interconnects               ; 60 / 29,440 ( < 1 % )  ;
; R24 interconnects                 ; 30 / 3,040 ( < 1 % )   ;
; R4 interconnects                  ; 304 / 76,160 ( < 1 % ) ;
+-----------------------------------+------------------------+


+----------------------------------------------------------------------------+
; LAB Logic Elements                                                         ;
+---------------------------------------------+------------------------------+
; Number of Logic Elements  (Average = 12.00) ; Number of LABs  (Total = 16) ;
+---------------------------------------------+------------------------------+
; 1                                           ; 0                            ;
; 2                                           ; 0                            ;
; 3                                           ; 1                            ;
; 4                                           ; 1                            ;
; 5                                           ; 0                            ;
; 6                                           ; 1                            ;
; 7                                           ; 0                            ;
; 8                                           ; 0                            ;
; 9                                           ; 0                            ;
; 10                                          ; 0                            ;
; 11                                          ; 3                            ;
; 12                                          ; 0                            ;
; 13                                          ; 3                            ;
; 14                                          ; 2                            ;
; 15                                          ; 1                            ;
; 16                                          ; 4                            ;
+---------------------------------------------+------------------------------+


+-------------------------------------------------------------------+
; LAB-wide Signals                                                  ;
+------------------------------------+------------------------------+
; LAB-wide Signals  (Average = 2.63) ; Number of LABs  (Total = 16) ;
+------------------------------------+------------------------------+
; 1 Async. clear                     ; 14                           ;
; 1 Clock                            ; 14                           ;
; 2 Clock enables                    ; 14                           ;
+------------------------------------+------------------------------+


+-----------------------------------------------------------------------------+
; LAB Signals Sourced                                                         ;
+----------------------------------------------+------------------------------+
; Number of Signals Sourced  (Average = 20.00) ; Number of LABs  (Total = 16) ;
+----------------------------------------------+------------------------------+
; 0                                            ; 0                            ;
; 1                                            ; 0                            ;
; 2                                            ; 0                            ;
; 3                                            ; 0                            ;
; 4                                            ; 0                            ;
; 5                                            ; 0                            ;
; 6                                            ; 1                            ;
; 7                                            ; 0                            ;
; 8                                            ; 1                            ;
; 9                                            ; 0                            ;
; 10                                           ; 0                            ;
; 11                                           ; 0                            ;
; 12                                           ; 1                            ;
; 13                                           ; 0                            ;
; 14                                           ; 0                            ;
; 15                                           ; 1                            ;
; 16                                           ; 2                            ;
; 17                                           ; 0                            ;
; 18                                           ; 0                            ;
; 19                                           ; 0                            ;
; 20                                           ; 1                            ;
; 21                                           ; 1                            ;
; 22                                           ; 1                            ;
; 23                                           ; 0                            ;
; 24                                           ; 3                            ;
; 25                                           ; 1                            ;
; 26                                           ; 0                            ;
; 27                                           ; 1                            ;
; 28                                           ; 1                            ;
; 29                                           ; 0                            ;
; 30                                           ; 0                            ;
; 31                                           ; 0                            ;
; 32                                           ; 1                            ;
+----------------------------------------------+------------------------------+


+---------------------------------------------------------------------------------+
; LAB Signals Sourced Out                                                         ;
+--------------------------------------------------+------------------------------+
; Number of Signals Sourced Out  (Average = 15.44) ; Number of LABs  (Total = 16) ;
+--------------------------------------------------+------------------------------+
; 0                                                ; 0                            ;
; 1                                                ; 0                            ;
; 2                                                ; 0                            ;
; 3                                                ; 0                            ;
; 4                                                ; 1                            ;
; 5                                                ; 0                            ;
; 6                                                ; 2                            ;
; 7                                                ; 0                            ;
; 8                                                ; 0                            ;
; 9                                                ; 0                            ;
; 10                                               ; 0                            ;
; 11                                               ; 0                            ;
; 12                                               ; 2                            ;
; 13                                               ; 0                            ;
; 14                                               ; 1                            ;
; 15                                               ; 1                            ;
; 16                                               ; 3                            ;
; 17                                               ; 1                            ;
; 18                                               ; 0                            ;
; 19                                               ; 0                            ;
; 20                                               ; 0                            ;
; 21                                               ; 3                            ;
; 22                                               ; 1                            ;
; 23                                               ; 0                            ;
; 24                                               ; 0                            ;
; 25                                               ; 0                            ;
; 26                                               ; 0                            ;
; 27                                               ; 0                            ;
; 28                                               ; 1                            ;
+--------------------------------------------------+------------------------------+


+-----------------------------------------------------------------------------+
; LAB Distinct Inputs                                                         ;
+----------------------------------------------+------------------------------+
; Number of Distinct Inputs  (Average = 26.50) ; Number of LABs  (Total = 16) ;
+----------------------------------------------+------------------------------+
; 0                                            ; 0                            ;
; 1                                            ; 0                            ;
; 2                                            ; 0                            ;
; 3                                            ; 0                            ;
; 4                                            ; 1                            ;
; 5                                            ; 0                            ;
; 6                                            ; 0                            ;
; 7                                            ; 0                            ;
; 8                                            ; 0                            ;
; 9                                            ; 0                            ;
; 10                                           ; 0                            ;
; 11                                           ; 0                            ;
; 12                                           ; 1                            ;
; 13                                           ; 0                            ;
; 14                                           ; 0                            ;
; 15                                           ; 0                            ;
; 16                                           ; 1                            ;
; 17                                           ; 1                            ;
; 18                                           ; 0                            ;
; 19                                           ; 0                            ;
; 20                                           ; 0                            ;
; 21                                           ; 1                            ;
; 22                                           ; 0                            ;
; 23                                           ; 0                            ;
; 24                                           ; 0                            ;
; 25                                           ; 0                            ;
; 26                                           ; 0                            ;
; 27                                           ; 1                            ;
; 28                                           ; 0                            ;
; 29                                           ; 1                            ;
; 30                                           ; 0                            ;
; 31                                           ; 1                            ;
; 32                                           ; 2                            ;
; 33                                           ; 1                            ;
; 34                                           ; 5                            ;
+----------------------------------------------+------------------------------+


+------------------------------------------+
; I/O Rules Summary                        ;
+----------------------------------+-------+
; I/O Rules Statistic              ; Total ;
+----------------------------------+-------+
; Total I/O Rules                  ; 30    ;
; Number of I/O Rules Passed       ; 9     ;
; Number of I/O Rules Failed       ; 0     ;
; Number of I/O Rules Unchecked    ; 0     ;
; Number of I/O Rules Inapplicable ; 21    ;
+----------------------------------+-------+


+-----------------------------------------------------------------------------------------------------------------------------------------------------------------------------------------------------------------------------------------------------------------------------------------------------+
; I/O Rules Details                                                                                                                                                                                                                                                                                   ;
+--------------+-----------+-----------------------------------+------------------------------------------------------------------------------------------------------+----------+--------------------------------------------------------------------------+---------------------+-------------------+
; Status       ; ID        ; Category                          ; Rule Description                                                                                     ; Severity ; Information                                                              ; Area                ; Extra Information ;
+--------------+-----------+-----------------------------------+------------------------------------------------------------------------------------------------------+----------+--------------------------------------------------------------------------+---------------------+-------------------+
; Inapplicable ; IO_000001 ; Capacity Checks                   ; Number of pins in an I/O bank should not exceed the number of locations available.                   ; Critical ; No Location assignments found.                                           ; I/O                 ;                   ;
; Inapplicable ; IO_000002 ; Capacity Checks                   ; Number of clocks in an I/O bank should not exceed the number of clocks available.                    ; Critical ; No Global Signal assignments found.                                      ; I/O                 ;                   ;
; Inapplicable ; IO_000003 ; Capacity Checks                   ; Number of pins in a Vrefgroup should not exceed the number of locations available.                   ; Critical ; No Location assignments found.                                           ; I/O                 ;                   ;
; Inapplicable ; IO_000004 ; Voltage Compatibility Checks      ; The I/O bank should support the requested VCCIO.                                                     ; Critical ; No IOBANK_VCCIO assignments found.                                       ; I/O                 ;                   ;
; Inapplicable ; IO_000005 ; Voltage Compatibility Checks      ; The I/O bank should not have competing VREF values.                                                  ; Critical ; No VREF I/O Standard assignments found.                                  ; I/O                 ;                   ;
; Pass         ; IO_000006 ; Voltage Compatibility Checks      ; The I/O bank should not have competing VCCIO values.                                                 ; Critical ; 0 such failures found.                                                   ; I/O                 ;                   ;
; Inapplicable ; IO_000007 ; Valid Location Checks             ; Checks for unavailable locations.                                                                    ; Critical ; No Location assignments found.                                           ; I/O                 ;                   ;
; Inapplicable ; IO_000008 ; Valid Location Checks             ; Checks for reserved locations.                                                                       ; Critical ; No reserved LogicLock region found.                                      ; I/O                 ;                   ;
; Pass         ; IO_000009 ; I/O Properties Checks for One I/O ; The location should support the requested I/O standard.                                              ; Critical ; 0 such failures found.                                                   ; I/O                 ;                   ;
; Pass         ; IO_000010 ; I/O Properties Checks for One I/O ; The location should support the requested I/O direction.                                             ; Critical ; 0 such failures found.                                                   ; I/O                 ;                   ;
; Inapplicable ; IO_000011 ; I/O Properties Checks for One I/O ; The location should support the requested Current Strength.                                          ; Critical ; No Current Strength assignments found.                                   ; I/O                 ;                   ;
; Pass         ; IO_000012 ; I/O Properties Checks for One I/O ; The location should support the requested On Chip Termination value.                                 ; Critical ; 0 such failures found.                                                   ; I/O                 ;                   ;
; Inapplicable ; IO_000013 ; I/O Properties Checks for One I/O ; The location should support the requested Bus Hold value.                                            ; Critical ; No Enable Bus-Hold Circuitry assignments found.                          ; I/O                 ;                   ;
; Inapplicable ; IO_000014 ; I/O Properties Checks for One I/O ; The location should support the requested Weak Pull Up value.                                        ; Critical ; No Weak Pull-Up Resistor assignments found.                              ; I/O                 ;                   ;
; Pass         ; IO_000015 ; I/O Properties Checks for One I/O ; The location should support the requested PCI Clamp Diode.                                           ; Critical ; 0 such failures found.                                                   ; I/O                 ;                   ;
; Inapplicable ; IO_000018 ; I/O Properties Checks for One I/O ; The I/O standard should support the requested Current Strength.                                      ; Critical ; No Current Strength assignments found.                                   ; I/O                 ;                   ;
; Pass         ; IO_000019 ; I/O Properties Checks for One I/O ; The I/O standard should support the requested On Chip Termination value.                             ; Critical ; 0 such failures found.                                                   ; I/O                 ;                   ;
; Pass         ; IO_000020 ; I/O Properties Checks for One I/O ; The I/O standard should support the requested PCI Clamp Diode.                                       ; Critical ; 0 such failures found.                                                   ; I/O                 ;                   ;
; Inapplicable ; IO_000021 ; I/O Properties Checks for One I/O ; The I/O standard should support the requested Weak Pull Up value.                                    ; Critical ; No Weak Pull-Up Resistor assignments found.                              ; I/O                 ;                   ;
; Inapplicable ; IO_000022 ; I/O Properties Checks for One I/O ; The I/O standard should support the requested Bus Hold value.                                        ; Critical ; No Enable Bus-Hold Circuitry assignments found.                          ; I/O                 ;                   ;
; Inapplicable ; IO_000023 ; I/O Properties Checks for One I/O ; The I/O standard should support the Open Drain value.                                                ; Critical ; No open drain assignments found.                                         ; I/O                 ;                   ;
; Pass         ; IO_000024 ; I/O Properties Checks for One I/O ; The I/O direction should support the On Chip Termination value.                                      ; Critical ; 0 such failures found.                                                   ; I/O                 ;                   ;
; Inapplicable ; IO_000026 ; I/O Properties Checks for One I/O ; On Chip Termination and Current Strength should not be used at the same time.                        ; Critical ; No Current Strength assignments found.                                   ; I/O                 ;                   ;
; Inapplicable ; IO_000027 ; I/O Properties Checks for One I/O ; Weak Pull Up and Bus Hold should not be used at the same time.                                       ; Critical ; No Enable Bus-Hold Circuitry or Weak Pull-Up Resistor assignments found. ; I/O                 ;                   ;
; Inapplicable ; IO_000045 ; I/O Properties Checks for One I/O ; The I/O standard should support the requested Slew Rate value.                                       ; Critical ; No Slew Rate assignments found.                                          ; I/O                 ;                   ;
; Inapplicable ; IO_000046 ; I/O Properties Checks for One I/O ; The location should support the requested Slew Rate value.                                           ; Critical ; No Slew Rate assignments found.                                          ; I/O                 ;                   ;
; Inapplicable ; IO_000047 ; I/O Properties Checks for One I/O ; On Chip Termination and Slew Rate should not be used at the same time.                               ; Critical ; No Slew Rate assignments found.                                          ; I/O                 ;                   ;
; Pass         ; IO_000033 ; Electromigration Checks           ; Current density for consecutive I/Os should not exceed 240mA for row I/Os and 240mA for column I/Os. ; Critical ; 0 such failures found.                                                   ; I/O                 ;                   ;
; Inapplicable ; IO_000034 ; SI Related Distance Checks        ; Single-ended outputs should be 5 LAB row(s) away from a differential I/O.                            ; High     ; No Differential I/O Standard assignments found.                          ; I/O                 ;                   ;
; Inapplicable ; IO_000042 ; SI Related SSO Limit Checks       ; No more than 20 outputs are allowed in a VREF group when VREF is being read from.                    ; High     ; No VREF I/O Standard assignments found.                                  ; I/O                 ;                   ;
; ----         ; ----      ; Disclaimer                        ; OCT rules are checked but not reported.                                                              ; None     ; ----                                                                     ; On Chip Termination ;                   ;
+--------------+-----------+-----------------------------------+------------------------------------------------------------------------------------------------------+----------+--------------------------------------------------------------------------+---------------------+-------------------+


+--------------------------------------------------------------------------------------------------------------------------------------------------------------------------------------------------------------------------------------------------------------------------------------------------------------------------------------------------------------------------------------------------------------------------------------------------------------------------+
; I/O Rules Matrix                                                                                                                                                                                                                                                                                                                                                                                                                                                         ;
+--------------------+--------------+--------------+--------------+--------------+--------------+-----------+--------------+--------------+-----------+-----------+--------------+--------------+--------------+--------------+--------------+--------------+--------------+--------------+--------------+--------------+--------------+--------------+--------------+--------------+--------------+--------------+--------------+-----------+--------------+--------------+
; Pin/Rules          ; IO_000001    ; IO_000002    ; IO_000003    ; IO_000004    ; IO_000005    ; IO_000006 ; IO_000007    ; IO_000008    ; IO_000009 ; IO_000010 ; IO_000011    ; IO_000012    ; IO_000013    ; IO_000014    ; IO_000015    ; IO_000018    ; IO_000019    ; IO_000020    ; IO_000021    ; IO_000022    ; IO_000023    ; IO_000024    ; IO_000026    ; IO_000027    ; IO_000045    ; IO_000046    ; IO_000047    ; IO_000033 ; IO_000034    ; IO_000042    ;
+--------------------+--------------+--------------+--------------+--------------+--------------+-----------+--------------+--------------+-----------+-----------+--------------+--------------+--------------+--------------+--------------+--------------+--------------+--------------+--------------+--------------+--------------+--------------+--------------+--------------+--------------+--------------+--------------+-----------+--------------+--------------+
; Total Pass         ; 0            ; 0            ; 0            ; 0            ; 0            ; 55        ; 0            ; 0            ; 55        ; 55        ; 0            ; 32           ; 0            ; 0            ; 23           ; 0            ; 32           ; 23           ; 0            ; 0            ; 0            ; 32           ; 0            ; 0            ; 0            ; 0            ; 0            ; 55        ; 0            ; 0            ;
; Total Unchecked    ; 0            ; 0            ; 0            ; 0            ; 0            ; 0         ; 0            ; 0            ; 0         ; 0         ; 0            ; 0            ; 0            ; 0            ; 0            ; 0            ; 0            ; 0            ; 0            ; 0            ; 0            ; 0            ; 0            ; 0            ; 0            ; 0            ; 0            ; 0         ; 0            ; 0            ;
; Total Inapplicable ; 55           ; 55           ; 55           ; 55           ; 55           ; 0         ; 55           ; 55           ; 0         ; 0         ; 55           ; 23           ; 55           ; 55           ; 32           ; 55           ; 23           ; 32           ; 55           ; 55           ; 55           ; 23           ; 55           ; 55           ; 55           ; 55           ; 55           ; 0         ; 55           ; 55           ;
; Total Fail         ; 0            ; 0            ; 0            ; 0            ; 0            ; 0         ; 0            ; 0            ; 0         ; 0         ; 0            ; 0            ; 0            ; 0            ; 0            ; 0            ; 0            ; 0            ; 0            ; 0            ; 0            ; 0            ; 0            ; 0            ; 0            ; 0            ; 0            ; 0         ; 0            ; 0            ;
; r_data_a[7]        ; Inapplicable ; Inapplicable ; Inapplicable ; Inapplicable ; Inapplicable ; Pass      ; Inapplicable ; Inapplicable ; Pass      ; Pass      ; Inapplicable ; Pass         ; Inapplicable ; Inapplicable ; Inapplicable ; Inapplicable ; Pass         ; Inapplicable ; Inapplicable ; Inapplicable ; Inapplicable ; Pass         ; Inapplicable ; Inapplicable ; Inapplicable ; Inapplicable ; Inapplicable ; Pass      ; Inapplicable ; Inapplicable ;
; r_data_a[6]        ; Inapplicable ; Inapplicable ; Inapplicable ; Inapplicable ; Inapplicable ; Pass      ; Inapplicable ; Inapplicable ; Pass      ; Pass      ; Inapplicable ; Pass         ; Inapplicable ; Inapplicable ; Inapplicable ; Inapplicable ; Pass         ; Inapplicable ; Inapplicable ; Inapplicable ; Inapplicable ; Pass         ; Inapplicable ; Inapplicable ; Inapplicable ; Inapplicable ; Inapplicable ; Pass      ; Inapplicable ; Inapplicable ;
; r_data_a[5]        ; Inapplicable ; Inapplicable ; Inapplicable ; Inapplicable ; Inapplicable ; Pass      ; Inapplicable ; Inapplicable ; Pass      ; Pass      ; Inapplicable ; Pass         ; Inapplicable ; Inapplicable ; Inapplicable ; Inapplicable ; Pass         ; Inapplicable ; Inapplicable ; Inapplicable ; Inapplicable ; Pass         ; Inapplicable ; Inapplicable ; Inapplicable ; Inapplicable ; Inapplicable ; Pass      ; Inapplicable ; Inapplicable ;
; r_data_a[4]        ; Inapplicable ; Inapplicable ; Inapplicable ; Inapplicable ; Inapplicable ; Pass      ; Inapplicable ; Inapplicable ; Pass      ; Pass      ; Inapplicable ; Pass         ; Inapplicable ; Inapplicable ; Inapplicable ; Inapplicable ; Pass         ; Inapplicable ; Inapplicable ; Inapplicable ; Inapplicable ; Pass         ; Inapplicable ; Inapplicable ; Inapplicable ; Inapplicable ; Inapplicable ; Pass      ; Inapplicable ; Inapplicable ;
; r_data_a[3]        ; Inapplicable ; Inapplicable ; Inapplicable ; Inapplicable ; Inapplicable ; Pass      ; Inapplicable ; Inapplicable ; Pass      ; Pass      ; Inapplicable ; Pass         ; Inapplicable ; Inapplicable ; Inapplicable ; Inapplicable ; Pass         ; Inapplicable ; Inapplicable ; Inapplicable ; Inapplicable ; Pass         ; Inapplicable ; Inapplicable ; Inapplicable ; Inapplicable ; Inapplicable ; Pass      ; Inapplicable ; Inapplicable ;
; r_data_a[2]        ; Inapplicable ; Inapplicable ; Inapplicable ; Inapplicable ; Inapplicable ; Pass      ; Inapplicable ; Inapplicable ; Pass      ; Pass      ; Inapplicable ; Pass         ; Inapplicable ; Inapplicable ; Inapplicable ; Inapplicable ; Pass         ; Inapplicable ; Inapplicable ; Inapplicable ; Inapplicable ; Pass         ; Inapplicable ; Inapplicable ; Inapplicable ; Inapplicable ; Inapplicable ; Pass      ; Inapplicable ; Inapplicable ;
; r_data_a[1]        ; Inapplicable ; Inapplicable ; Inapplicable ; Inapplicable ; Inapplicable ; Pass      ; Inapplicable ; Inapplicable ; Pass      ; Pass      ; Inapplicable ; Pass         ; Inapplicable ; Inapplicable ; Inapplicable ; Inapplicable ; Pass         ; Inapplicable ; Inapplicable ; Inapplicable ; Inapplicable ; Pass         ; Inapplicable ; Inapplicable ; Inapplicable ; Inapplicable ; Inapplicable ; Pass      ; Inapplicable ; Inapplicable ;
; r_data_a[0]        ; Inapplicable ; Inapplicable ; Inapplicable ; Inapplicable ; Inapplicable ; Pass      ; Inapplicable ; Inapplicable ; Pass      ; Pass      ; Inapplicable ; Pass         ; Inapplicable ; Inapplicable ; Inapplicable ; Inapplicable ; Pass         ; Inapplicable ; Inapplicable ; Inapplicable ; Inapplicable ; Pass         ; Inapplicable ; Inapplicable ; Inapplicable ; Inapplicable ; Inapplicable ; Pass      ; Inapplicable ; Inapplicable ;
; we_dec[15]         ; Inapplicable ; Inapplicable ; Inapplicable ; Inapplicable ; Inapplicable ; Pass      ; Inapplicable ; Inapplicable ; Pass      ; Pass      ; Inapplicable ; Pass         ; Inapplicable ; Inapplicable ; Inapplicable ; Inapplicable ; Pass         ; Inapplicable ; Inapplicable ; Inapplicable ; Inapplicable ; Pass         ; Inapplicable ; Inapplicable ; Inapplicable ; Inapplicable ; Inapplicable ; Pass      ; Inapplicable ; Inapplicable ;
; we_dec[14]         ; Inapplicable ; Inapplicable ; Inapplicable ; Inapplicable ; Inapplicable ; Pass      ; Inapplicable ; Inapplicable ; Pass      ; Pass      ; Inapplicable ; Pass         ; Inapplicable ; Inapplicable ; Inapplicable ; Inapplicable ; Pass         ; Inapplicable ; Inapplicable ; Inapplicable ; Inapplicable ; Pass         ; Inapplicable ; Inapplicable ; Inapplicable ; Inapplicable ; Inapplicable ; Pass      ; Inapplicable ; Inapplicable ;
; we_dec[13]         ; Inapplicable ; Inapplicable ; Inapplicable ; Inapplicable ; Inapplicable ; Pass      ; Inapplicable ; Inapplicable ; Pass      ; Pass      ; Inapplicable ; Pass         ; Inapplicable ; Inapplicable ; Inapplicable ; Inapplicable ; Pass         ; Inapplicable ; Inapplicable ; Inapplicable ; Inapplicable ; Pass         ; Inapplicable ; Inapplicable ; Inapplicable ; Inapplicable ; Inapplicable ; Pass      ; Inapplicable ; Inapplicable ;
; we_dec[12]         ; Inapplicable ; Inapplicable ; Inapplicable ; Inapplicable ; Inapplicable ; Pass      ; Inapplicable ; Inapplicable ; Pass      ; Pass      ; Inapplicable ; Pass         ; Inapplicable ; Inapplicable ; Inapplicable ; Inapplicable ; Pass         ; Inapplicable ; Inapplicable ; Inapplicable ; Inapplicable ; Pass         ; Inapplicable ; Inapplicable ; Inapplicable ; Inapplicable ; Inapplicable ; Pass      ; Inapplicable ; Inapplicable ;
; we_dec[11]         ; Inapplicable ; Inapplicable ; Inapplicable ; Inapplicable ; Inapplicable ; Pass      ; Inapplicable ; Inapplicable ; Pass      ; Pass      ; Inapplicable ; Pass         ; Inapplicable ; Inapplicable ; Inapplicable ; Inapplicable ; Pass         ; Inapplicable ; Inapplicable ; Inapplicable ; Inapplicable ; Pass         ; Inapplicable ; Inapplicable ; Inapplicable ; Inapplicable ; Inapplicable ; Pass      ; Inapplicable ; Inapplicable ;
; we_dec[10]         ; Inapplicable ; Inapplicable ; Inapplicable ; Inapplicable ; Inapplicable ; Pass      ; Inapplicable ; Inapplicable ; Pass      ; Pass      ; Inapplicable ; Pass         ; Inapplicable ; Inapplicable ; Inapplicable ; Inapplicable ; Pass         ; Inapplicable ; Inapplicable ; Inapplicable ; Inapplicable ; Pass         ; Inapplicable ; Inapplicable ; Inapplicable ; Inapplicable ; Inapplicable ; Pass      ; Inapplicable ; Inapplicable ;
; we_dec[9]          ; Inapplicable ; Inapplicable ; Inapplicable ; Inapplicable ; Inapplicable ; Pass      ; Inapplicable ; Inapplicable ; Pass      ; Pass      ; Inapplicable ; Pass         ; Inapplicable ; Inapplicable ; Inapplicable ; Inapplicable ; Pass         ; Inapplicable ; Inapplicable ; Inapplicable ; Inapplicable ; Pass         ; Inapplicable ; Inapplicable ; Inapplicable ; Inapplicable ; Inapplicable ; Pass      ; Inapplicable ; Inapplicable ;
; we_dec[8]          ; Inapplicable ; Inapplicable ; Inapplicable ; Inapplicable ; Inapplicable ; Pass      ; Inapplicable ; Inapplicable ; Pass      ; Pass      ; Inapplicable ; Pass         ; Inapplicable ; Inapplicable ; Inapplicable ; Inapplicable ; Pass         ; Inapplicable ; Inapplicable ; Inapplicable ; Inapplicable ; Pass         ; Inapplicable ; Inapplicable ; Inapplicable ; Inapplicable ; Inapplicable ; Pass      ; Inapplicable ; Inapplicable ;
; we_dec[7]          ; Inapplicable ; Inapplicable ; Inapplicable ; Inapplicable ; Inapplicable ; Pass      ; Inapplicable ; Inapplicable ; Pass      ; Pass      ; Inapplicable ; Pass         ; Inapplicable ; Inapplicable ; Inapplicable ; Inapplicable ; Pass         ; Inapplicable ; Inapplicable ; Inapplicable ; Inapplicable ; Pass         ; Inapplicable ; Inapplicable ; Inapplicable ; Inapplicable ; Inapplicable ; Pass      ; Inapplicable ; Inapplicable ;
; we_dec[6]          ; Inapplicable ; Inapplicable ; Inapplicable ; Inapplicable ; Inapplicable ; Pass      ; Inapplicable ; Inapplicable ; Pass      ; Pass      ; Inapplicable ; Pass         ; Inapplicable ; Inapplicable ; Inapplicable ; Inapplicable ; Pass         ; Inapplicable ; Inapplicable ; Inapplicable ; Inapplicable ; Pass         ; Inapplicable ; Inapplicable ; Inapplicable ; Inapplicable ; Inapplicable ; Pass      ; Inapplicable ; Inapplicable ;
; we_dec[5]          ; Inapplicable ; Inapplicable ; Inapplicable ; Inapplicable ; Inapplicable ; Pass      ; Inapplicable ; Inapplicable ; Pass      ; Pass      ; Inapplicable ; Pass         ; Inapplicable ; Inapplicable ; Inapplicable ; Inapplicable ; Pass         ; Inapplicable ; Inapplicable ; Inapplicable ; Inapplicable ; Pass         ; Inapplicable ; Inapplicable ; Inapplicable ; Inapplicable ; Inapplicable ; Pass      ; Inapplicable ; Inapplicable ;
; we_dec[4]          ; Inapplicable ; Inapplicable ; Inapplicable ; Inapplicable ; Inapplicable ; Pass      ; Inapplicable ; Inapplicable ; Pass      ; Pass      ; Inapplicable ; Pass         ; Inapplicable ; Inapplicable ; Inapplicable ; Inapplicable ; Pass         ; Inapplicable ; Inapplicable ; Inapplicable ; Inapplicable ; Pass         ; Inapplicable ; Inapplicable ; Inapplicable ; Inapplicable ; Inapplicable ; Pass      ; Inapplicable ; Inapplicable ;
; we_dec[3]          ; Inapplicable ; Inapplicable ; Inapplicable ; Inapplicable ; Inapplicable ; Pass      ; Inapplicable ; Inapplicable ; Pass      ; Pass      ; Inapplicable ; Pass         ; Inapplicable ; Inapplicable ; Inapplicable ; Inapplicable ; Pass         ; Inapplicable ; Inapplicable ; Inapplicable ; Inapplicable ; Pass         ; Inapplicable ; Inapplicable ; Inapplicable ; Inapplicable ; Inapplicable ; Pass      ; Inapplicable ; Inapplicable ;
; we_dec[2]          ; Inapplicable ; Inapplicable ; Inapplicable ; Inapplicable ; Inapplicable ; Pass      ; Inapplicable ; Inapplicable ; Pass      ; Pass      ; Inapplicable ; Pass         ; Inapplicable ; Inapplicable ; Inapplicable ; Inapplicable ; Pass         ; Inapplicable ; Inapplicable ; Inapplicable ; Inapplicable ; Pass         ; Inapplicable ; Inapplicable ; Inapplicable ; Inapplicable ; Inapplicable ; Pass      ; Inapplicable ; Inapplicable ;
; we_dec[1]          ; Inapplicable ; Inapplicable ; Inapplicable ; Inapplicable ; Inapplicable ; Pass      ; Inapplicable ; Inapplicable ; Pass      ; Pass      ; Inapplicable ; Pass         ; Inapplicable ; Inapplicable ; Inapplicable ; Inapplicable ; Pass         ; Inapplicable ; Inapplicable ; Inapplicable ; Inapplicable ; Pass         ; Inapplicable ; Inapplicable ; Inapplicable ; Inapplicable ; Inapplicable ; Pass      ; Inapplicable ; Inapplicable ;
; we_dec[0]          ; Inapplicable ; Inapplicable ; Inapplicable ; Inapplicable ; Inapplicable ; Pass      ; Inapplicable ; Inapplicable ; Pass      ; Pass      ; Inapplicable ; Pass         ; Inapplicable ; Inapplicable ; Inapplicable ; Inapplicable ; Pass         ; Inapplicable ; Inapplicable ; Inapplicable ; Inapplicable ; Pass         ; Inapplicable ; Inapplicable ; Inapplicable ; Inapplicable ; Inapplicable ; Pass      ; Inapplicable ; Inapplicable ;
; r_data_b[7]        ; Inapplicable ; Inapplicable ; Inapplicable ; Inapplicable ; Inapplicable ; Pass      ; Inapplicable ; Inapplicable ; Pass      ; Pass      ; Inapplicable ; Pass         ; Inapplicable ; Inapplicable ; Inapplicable ; Inapplicable ; Pass         ; Inapplicable ; Inapplicable ; Inapplicable ; Inapplicable ; Pass         ; Inapplicable ; Inapplicable ; Inapplicable ; Inapplicable ; Inapplicable ; Pass      ; Inapplicable ; Inapplicable ;
; r_data_b[6]        ; Inapplicable ; Inapplicable ; Inapplicable ; Inapplicable ; Inapplicable ; Pass      ; Inapplicable ; Inapplicable ; Pass      ; Pass      ; Inapplicable ; Pass         ; Inapplicable ; Inapplicable ; Inapplicable ; Inapplicable ; Pass         ; Inapplicable ; Inapplicable ; Inapplicable ; Inapplicable ; Pass         ; Inapplicable ; Inapplicable ; Inapplicable ; Inapplicable ; Inapplicable ; Pass      ; Inapplicable ; Inapplicable ;
; r_data_b[5]        ; Inapplicable ; Inapplicable ; Inapplicable ; Inapplicable ; Inapplicable ; Pass      ; Inapplicable ; Inapplicable ; Pass      ; Pass      ; Inapplicable ; Pass         ; Inapplicable ; Inapplicable ; Inapplicable ; Inapplicable ; Pass         ; Inapplicable ; Inapplicable ; Inapplicable ; Inapplicable ; Pass         ; Inapplicable ; Inapplicable ; Inapplicable ; Inapplicable ; Inapplicable ; Pass      ; Inapplicable ; Inapplicable ;
; r_data_b[4]        ; Inapplicable ; Inapplicable ; Inapplicable ; Inapplicable ; Inapplicable ; Pass      ; Inapplicable ; Inapplicable ; Pass      ; Pass      ; Inapplicable ; Pass         ; Inapplicable ; Inapplicable ; Inapplicable ; Inapplicable ; Pass         ; Inapplicable ; Inapplicable ; Inapplicable ; Inapplicable ; Pass         ; Inapplicable ; Inapplicable ; Inapplicable ; Inapplicable ; Inapplicable ; Pass      ; Inapplicable ; Inapplicable ;
; r_data_b[3]        ; Inapplicable ; Inapplicable ; Inapplicable ; Inapplicable ; Inapplicable ; Pass      ; Inapplicable ; Inapplicable ; Pass      ; Pass      ; Inapplicable ; Pass         ; Inapplicable ; Inapplicable ; Inapplicable ; Inapplicable ; Pass         ; Inapplicable ; Inapplicable ; Inapplicable ; Inapplicable ; Pass         ; Inapplicable ; Inapplicable ; Inapplicable ; Inapplicable ; Inapplicable ; Pass      ; Inapplicable ; Inapplicable ;
; r_data_b[2]        ; Inapplicable ; Inapplicable ; Inapplicable ; Inapplicable ; Inapplicable ; Pass      ; Inapplicable ; Inapplicable ; Pass      ; Pass      ; Inapplicable ; Pass         ; Inapplicable ; Inapplicable ; Inapplicable ; Inapplicable ; Pass         ; Inapplicable ; Inapplicable ; Inapplicable ; Inapplicable ; Pass         ; Inapplicable ; Inapplicable ; Inapplicable ; Inapplicable ; Inapplicable ; Pass      ; Inapplicable ; Inapplicable ;
; r_data_b[1]        ; Inapplicable ; Inapplicable ; Inapplicable ; Inapplicable ; Inapplicable ; Pass      ; Inapplicable ; Inapplicable ; Pass      ; Pass      ; Inapplicable ; Pass         ; Inapplicable ; Inapplicable ; Inapplicable ; Inapplicable ; Pass         ; Inapplicable ; Inapplicable ; Inapplicable ; Inapplicable ; Pass         ; Inapplicable ; Inapplicable ; Inapplicable ; Inapplicable ; Inapplicable ; Pass      ; Inapplicable ; Inapplicable ;
; r_data_b[0]        ; Inapplicable ; Inapplicable ; Inapplicable ; Inapplicable ; Inapplicable ; Pass      ; Inapplicable ; Inapplicable ; Pass      ; Pass      ; Inapplicable ; Pass         ; Inapplicable ; Inapplicable ; Inapplicable ; Inapplicable ; Pass         ; Inapplicable ; Inapplicable ; Inapplicable ; Inapplicable ; Pass         ; Inapplicable ; Inapplicable ; Inapplicable ; Inapplicable ; Inapplicable ; Pass      ; Inapplicable ; Inapplicable ;
; r_addr_a[1]        ; Inapplicable ; Inapplicable ; Inapplicable ; Inapplicable ; Inapplicable ; Pass      ; Inapplicable ; Inapplicable ; Pass      ; Pass      ; Inapplicable ; Inapplicable ; Inapplicable ; Inapplicable ; Pass         ; Inapplicable ; Inapplicable ; Pass         ; Inapplicable ; Inapplicable ; Inapplicable ; Inapplicable ; Inapplicable ; Inapplicable ; Inapplicable ; Inapplicable ; Inapplicable ; Pass      ; Inapplicable ; Inapplicable ;
; r_addr_a[0]        ; Inapplicable ; Inapplicable ; Inapplicable ; Inapplicable ; Inapplicable ; Pass      ; Inapplicable ; Inapplicable ; Pass      ; Pass      ; Inapplicable ; Inapplicable ; Inapplicable ; Inapplicable ; Pass         ; Inapplicable ; Inapplicable ; Pass         ; Inapplicable ; Inapplicable ; Inapplicable ; Inapplicable ; Inapplicable ; Inapplicable ; Inapplicable ; Inapplicable ; Inapplicable ; Pass      ; Inapplicable ; Inapplicable ;
; r_addr_a[3]        ; Inapplicable ; Inapplicable ; Inapplicable ; Inapplicable ; Inapplicable ; Pass      ; Inapplicable ; Inapplicable ; Pass      ; Pass      ; Inapplicable ; Inapplicable ; Inapplicable ; Inapplicable ; Pass         ; Inapplicable ; Inapplicable ; Pass         ; Inapplicable ; Inapplicable ; Inapplicable ; Inapplicable ; Inapplicable ; Inapplicable ; Inapplicable ; Inapplicable ; Inapplicable ; Pass      ; Inapplicable ; Inapplicable ;
; r_addr_a[2]        ; Inapplicable ; Inapplicable ; Inapplicable ; Inapplicable ; Inapplicable ; Pass      ; Inapplicable ; Inapplicable ; Pass      ; Pass      ; Inapplicable ; Inapplicable ; Inapplicable ; Inapplicable ; Pass         ; Inapplicable ; Inapplicable ; Pass         ; Inapplicable ; Inapplicable ; Inapplicable ; Inapplicable ; Inapplicable ; Inapplicable ; Inapplicable ; Inapplicable ; Inapplicable ; Pass      ; Inapplicable ; Inapplicable ;
; we                 ; Inapplicable ; Inapplicable ; Inapplicable ; Inapplicable ; Inapplicable ; Pass      ; Inapplicable ; Inapplicable ; Pass      ; Pass      ; Inapplicable ; Inapplicable ; Inapplicable ; Inapplicable ; Pass         ; Inapplicable ; Inapplicable ; Pass         ; Inapplicable ; Inapplicable ; Inapplicable ; Inapplicable ; Inapplicable ; Inapplicable ; Inapplicable ; Inapplicable ; Inapplicable ; Pass      ; Inapplicable ; Inapplicable ;
; w_addr[0]          ; Inapplicable ; Inapplicable ; Inapplicable ; Inapplicable ; Inapplicable ; Pass      ; Inapplicable ; Inapplicable ; Pass      ; Pass      ; Inapplicable ; Inapplicable ; Inapplicable ; Inapplicable ; Pass         ; Inapplicable ; Inapplicable ; Pass         ; Inapplicable ; Inapplicable ; Inapplicable ; Inapplicable ; Inapplicable ; Inapplicable ; Inapplicable ; Inapplicable ; Inapplicable ; Pass      ; Inapplicable ; Inapplicable ;
; w_addr[1]          ; Inapplicable ; Inapplicable ; Inapplicable ; Inapplicable ; Inapplicable ; Pass      ; Inapplicable ; Inapplicable ; Pass      ; Pass      ; Inapplicable ; Inapplicable ; Inapplicable ; Inapplicable ; Pass         ; Inapplicable ; Inapplicable ; Pass         ; Inapplicable ; Inapplicable ; Inapplicable ; Inapplicable ; Inapplicable ; Inapplicable ; Inapplicable ; Inapplicable ; Inapplicable ; Pass      ; Inapplicable ; Inapplicable ;
; w_addr[2]          ; Inapplicable ; Inapplicable ; Inapplicable ; Inapplicable ; Inapplicable ; Pass      ; Inapplicable ; Inapplicable ; Pass      ; Pass      ; Inapplicable ; Inapplicable ; Inapplicable ; Inapplicable ; Pass         ; Inapplicable ; Inapplicable ; Pass         ; Inapplicable ; Inapplicable ; Inapplicable ; Inapplicable ; Inapplicable ; Inapplicable ; Inapplicable ; Inapplicable ; Inapplicable ; Pass      ; Inapplicable ; Inapplicable ;
; w_addr[3]          ; Inapplicable ; Inapplicable ; Inapplicable ; Inapplicable ; Inapplicable ; Pass      ; Inapplicable ; Inapplicable ; Pass      ; Pass      ; Inapplicable ; Inapplicable ; Inapplicable ; Inapplicable ; Pass         ; Inapplicable ; Inapplicable ; Pass         ; Inapplicable ; Inapplicable ; Inapplicable ; Inapplicable ; Inapplicable ; Inapplicable ; Inapplicable ; Inapplicable ; Inapplicable ; Pass      ; Inapplicable ; Inapplicable ;
; r_addr_b[1]        ; Inapplicable ; Inapplicable ; Inapplicable ; Inapplicable ; Inapplicable ; Pass      ; Inapplicable ; Inapplicable ; Pass      ; Pass      ; Inapplicable ; Inapplicable ; Inapplicable ; Inapplicable ; Pass         ; Inapplicable ; Inapplicable ; Pass         ; Inapplicable ; Inapplicable ; Inapplicable ; Inapplicable ; Inapplicable ; Inapplicable ; Inapplicable ; Inapplicable ; Inapplicable ; Pass      ; Inapplicable ; Inapplicable ;
; r_addr_b[0]        ; Inapplicable ; Inapplicable ; Inapplicable ; Inapplicable ; Inapplicable ; Pass      ; Inapplicable ; Inapplicable ; Pass      ; Pass      ; Inapplicable ; Inapplicable ; Inapplicable ; Inapplicable ; Pass         ; Inapplicable ; Inapplicable ; Pass         ; Inapplicable ; Inapplicable ; Inapplicable ; Inapplicable ; Inapplicable ; Inapplicable ; Inapplicable ; Inapplicable ; Inapplicable ; Pass      ; Inapplicable ; Inapplicable ;
; r_addr_b[3]        ; Inapplicable ; Inapplicable ; Inapplicable ; Inapplicable ; Inapplicable ; Pass      ; Inapplicable ; Inapplicable ; Pass      ; Pass      ; Inapplicable ; Inapplicable ; Inapplicable ; Inapplicable ; Pass         ; Inapplicable ; Inapplicable ; Pass         ; Inapplicable ; Inapplicable ; Inapplicable ; Inapplicable ; Inapplicable ; Inapplicable ; Inapplicable ; Inapplicable ; Inapplicable ; Pass      ; Inapplicable ; Inapplicable ;
; r_addr_b[2]        ; Inapplicable ; Inapplicable ; Inapplicable ; Inapplicable ; Inapplicable ; Pass      ; Inapplicable ; Inapplicable ; Pass      ; Pass      ; Inapplicable ; Inapplicable ; Inapplicable ; Inapplicable ; Pass         ; Inapplicable ; Inapplicable ; Pass         ; Inapplicable ; Inapplicable ; Inapplicable ; Inapplicable ; Inapplicable ; Inapplicable ; Inapplicable ; Inapplicable ; Inapplicable ; Pass      ; Inapplicable ; Inapplicable ;
; w_data[7]          ; Inapplicable ; Inapplicable ; Inapplicable ; Inapplicable ; Inapplicable ; Pass      ; Inapplicable ; Inapplicable ; Pass      ; Pass      ; Inapplicable ; Inapplicable ; Inapplicable ; Inapplicable ; Pass         ; Inapplicable ; Inapplicable ; Pass         ; Inapplicable ; Inapplicable ; Inapplicable ; Inapplicable ; Inapplicable ; Inapplicable ; Inapplicable ; Inapplicable ; Inapplicable ; Pass      ; Inapplicable ; Inapplicable ;
; clk                ; Inapplicable ; Inapplicable ; Inapplicable ; Inapplicable ; Inapplicable ; Pass      ; Inapplicable ; Inapplicable ; Pass      ; Pass      ; Inapplicable ; Inapplicable ; Inapplicable ; Inapplicable ; Pass         ; Inapplicable ; Inapplicable ; Pass         ; Inapplicable ; Inapplicable ; Inapplicable ; Inapplicable ; Inapplicable ; Inapplicable ; Inapplicable ; Inapplicable ; Inapplicable ; Pass      ; Inapplicable ; Inapplicable ;
; rst_n              ; Inapplicable ; Inapplicable ; Inapplicable ; Inapplicable ; Inapplicable ; Pass      ; Inapplicable ; Inapplicable ; Pass      ; Pass      ; Inapplicable ; Inapplicable ; Inapplicable ; Inapplicable ; Pass         ; Inapplicable ; Inapplicable ; Pass         ; Inapplicable ; Inapplicable ; Inapplicable ; Inapplicable ; Inapplicable ; Inapplicable ; Inapplicable ; Inapplicable ; Inapplicable ; Pass      ; Inapplicable ; Inapplicable ;
; w_data[6]          ; Inapplicable ; Inapplicable ; Inapplicable ; Inapplicable ; Inapplicable ; Pass      ; Inapplicable ; Inapplicable ; Pass      ; Pass      ; Inapplicable ; Inapplicable ; Inapplicable ; Inapplicable ; Pass         ; Inapplicable ; Inapplicable ; Pass         ; Inapplicable ; Inapplicable ; Inapplicable ; Inapplicable ; Inapplicable ; Inapplicable ; Inapplicable ; Inapplicable ; Inapplicable ; Pass      ; Inapplicable ; Inapplicable ;
; w_data[5]          ; Inapplicable ; Inapplicable ; Inapplicable ; Inapplicable ; Inapplicable ; Pass      ; Inapplicable ; Inapplicable ; Pass      ; Pass      ; Inapplicable ; Inapplicable ; Inapplicable ; Inapplicable ; Pass         ; Inapplicable ; Inapplicable ; Pass         ; Inapplicable ; Inapplicable ; Inapplicable ; Inapplicable ; Inapplicable ; Inapplicable ; Inapplicable ; Inapplicable ; Inapplicable ; Pass      ; Inapplicable ; Inapplicable ;
; w_data[4]          ; Inapplicable ; Inapplicable ; Inapplicable ; Inapplicable ; Inapplicable ; Pass      ; Inapplicable ; Inapplicable ; Pass      ; Pass      ; Inapplicable ; Inapplicable ; Inapplicable ; Inapplicable ; Pass         ; Inapplicable ; Inapplicable ; Pass         ; Inapplicable ; Inapplicable ; Inapplicable ; Inapplicable ; Inapplicable ; Inapplicable ; Inapplicable ; Inapplicable ; Inapplicable ; Pass      ; Inapplicable ; Inapplicable ;
; w_data[3]          ; Inapplicable ; Inapplicable ; Inapplicable ; Inapplicable ; Inapplicable ; Pass      ; Inapplicable ; Inapplicable ; Pass      ; Pass      ; Inapplicable ; Inapplicable ; Inapplicable ; Inapplicable ; Pass         ; Inapplicable ; Inapplicable ; Pass         ; Inapplicable ; Inapplicable ; Inapplicable ; Inapplicable ; Inapplicable ; Inapplicable ; Inapplicable ; Inapplicable ; Inapplicable ; Pass      ; Inapplicable ; Inapplicable ;
; w_data[2]          ; Inapplicable ; Inapplicable ; Inapplicable ; Inapplicable ; Inapplicable ; Pass      ; Inapplicable ; Inapplicable ; Pass      ; Pass      ; Inapplicable ; Inapplicable ; Inapplicable ; Inapplicable ; Pass         ; Inapplicable ; Inapplicable ; Pass         ; Inapplicable ; Inapplicable ; Inapplicable ; Inapplicable ; Inapplicable ; Inapplicable ; Inapplicable ; Inapplicable ; Inapplicable ; Pass      ; Inapplicable ; Inapplicable ;
; w_data[1]          ; Inapplicable ; Inapplicable ; Inapplicable ; Inapplicable ; Inapplicable ; Pass      ; Inapplicable ; Inapplicable ; Pass      ; Pass      ; Inapplicable ; Inapplicable ; Inapplicable ; Inapplicable ; Pass         ; Inapplicable ; Inapplicable ; Pass         ; Inapplicable ; Inapplicable ; Inapplicable ; Inapplicable ; Inapplicable ; Inapplicable ; Inapplicable ; Inapplicable ; Inapplicable ; Pass      ; Inapplicable ; Inapplicable ;
; w_data[0]          ; Inapplicable ; Inapplicable ; Inapplicable ; Inapplicable ; Inapplicable ; Pass      ; Inapplicable ; Inapplicable ; Pass      ; Pass      ; Inapplicable ; Inapplicable ; Inapplicable ; Inapplicable ; Pass         ; Inapplicable ; Inapplicable ; Pass         ; Inapplicable ; Inapplicable ; Inapplicable ; Inapplicable ; Inapplicable ; Inapplicable ; Inapplicable ; Inapplicable ; Inapplicable ; Pass      ; Inapplicable ; Inapplicable ;
+--------------------+--------------+--------------+--------------+--------------+--------------+-----------+--------------+--------------+-----------+-----------+--------------+--------------+--------------+--------------+--------------+--------------+--------------+--------------+--------------+--------------+--------------+--------------+--------------+--------------+--------------+--------------+--------------+-----------+--------------+--------------+


+-----------------------------------------------------------------------------------------------+
; Fitter Device Options                                                                         ;
+------------------------------------------------------------------+----------------------------+
; Option                                                           ; Setting                    ;
+------------------------------------------------------------------+----------------------------+
; Enable user-supplied start-up clock (CLKUSR)                     ; Off                        ;
; Enable device-wide reset (DEV_CLRn)                              ; Off                        ;
; Enable device-wide output enable (DEV_OE)                        ; Off                        ;
; Enable INIT_DONE output                                          ; Off                        ;
; Configuration scheme                                             ; Active Serial              ;
; Error detection CRC                                              ; Off                        ;
; Enable input tri-state on active configuration pins in user mode ; Off                        ;
; Active Serial clock source                                       ; 40 MHz Internal Oscillator ;
; Configuration Voltage Level                                      ; Auto                       ;
; Force Configuration Voltage Level                                ; Off                        ;
; nCEO                                                             ; As output driving ground   ;
; Data[0]                                                          ; As input tri-stated        ;
; Data[1]/ASDO                                                     ; As input tri-stated        ;
; Data[7..2]                                                       ; Unreserved                 ;
; FLASH_nCE/nCSO                                                   ; As input tri-stated        ;
; DCLK                                                             ; As output driving ground   ;
; Base pin-out file on sameframe device                            ; Off                        ;
+------------------------------------------------------------------+----------------------------+


+------------------------------------+
; Operating Settings and Conditions  ;
+---------------------------+--------+
; Setting                   ; Value  ;
+---------------------------+--------+
; Nominal Core Voltage      ; 1.20 V ;
; Low Junction Temperature  ; 0 °C   ;
; High Junction Temperature ; 85 °C  ;
+---------------------------+--------+


+-----------------+
; Fitter Messages ;
+-----------------+
Warning (20028): Parallel compilation is not licensed and has been disabled
Info (119004): Automatically selected device EP4CGX22CF19C6 for design banco_de_registadores_top
Info (119005): Fitting design with smaller device may be possible, but smaller device must be specified
Info (21076): High junction temperature operating condition is not set. Assuming a default value of '85'.
Info (21076): Low junction temperature operating condition is not set. Assuming a default value of '0'.
Info (171003): Fitter is performing an Auto Fit compilation, which may decrease Fitter effort to reduce compilation time
Warning (292013): Feature LogicLock is only available with a valid subscription license. You can purchase a software subscription to gain full access to this feature.
Info (176444): Device migration not selected. If you intend to use device migration later, you may need to change the pin assignments as they may be incompatible with other devices
    Info (176445): Device EP4CGX30CF19C6 is compatible
Info (169124): Fitter converted 5 user pins into dedicated programming pins
    Info (169125): Pin ~ALTERA_NCEO~ is reserved at location R6
    Info (169125): Pin ~ALTERA_DATA0~ is reserved at location A4
    Info (169125): Pin ~ALTERA_ASDO~ is reserved at location B4
    Info (169125): Pin ~ALTERA_NCSO~ is reserved at location C5
    Info (169125): Pin ~ALTERA_DCLK~ is reserved at location D5
Warning (15714): Some pins have incomplete I/O assignments. Refer to the I/O Assignment Warnings report for details
Critical Warning (169085): No exact pin location assignment(s) for 55 pins of 55 total pins
    Info (169086): Pin r_data_a[7] not assigned to an exact location on the device
    Info (169086): Pin r_data_a[6] not assigned to an exact location on the device
    Info (169086): Pin r_data_a[5] not assigned to an exact location on the device
    Info (169086): Pin r_data_a[4] not assigned to an exact location on the device
    Info (169086): Pin r_data_a[3] not assigned to an exact location on the device
    Info (169086): Pin r_data_a[2] not assigned to an exact location on the device
    Info (169086): Pin r_data_a[1] not assigned to an exact location on the device
    Info (169086): Pin r_data_a[0] not assigned to an exact location on the device
    Info (169086): Pin we_dec[15] not assigned to an exact location on the device
    Info (169086): Pin we_dec[14] not assigned to an exact location on the device
    Info (169086): Pin we_dec[13] not assigned to an exact location on the device
    Info (169086): Pin we_dec[12] not assigned to an exact location on the device
    Info (169086): Pin we_dec[11] not assigned to an exact location on the device
    Info (169086): Pin we_dec[10] not assigned to an exact location on the device
    Info (169086): Pin we_dec[9] not assigned to an exact location on the device
    Info (169086): Pin we_dec[8] not assigned to an exact location on the device
    Info (169086): Pin we_dec[7] not assigned to an exact location on the device
    Info (169086): Pin we_dec[6] not assigned to an exact location on the device
    Info (169086): Pin we_dec[5] not assigned to an exact location on the device
    Info (169086): Pin we_dec[4] not assigned to an exact location on the device
    Info (169086): Pin we_dec[3] not assigned to an exact location on the device
    Info (169086): Pin we_dec[2] not assigned to an exact location on the device
    Info (169086): Pin we_dec[1] not assigned to an exact location on the device
    Info (169086): Pin we_dec[0] not assigned to an exact location on the device
    Info (169086): Pin r_data_b[7] not assigned to an exact location on the device
    Info (169086): Pin r_data_b[6] not assigned to an exact location on the device
    Info (169086): Pin r_data_b[5] not assigned to an exact location on the device
    Info (169086): Pin r_data_b[4] not assigned to an exact location on the device
    Info (169086): Pin r_data_b[3] not assigned to an exact location on the device
    Info (169086): Pin r_data_b[2] not assigned to an exact location on the device
    Info (169086): Pin r_data_b[1] not assigned to an exact location on the device
    Info (169086): Pin r_data_b[0] not assigned to an exact location on the device
    Info (169086): Pin r_addr_a[1] not assigned to an exact location on the device
    Info (169086): Pin r_addr_a[0] not assigned to an exact location on the device
    Info (169086): Pin r_addr_a[3] not assigned to an exact location on the device
    Info (169086): Pin r_addr_a[2] not assigned to an exact location on the device
    Info (169086): Pin we not assigned to an exact location on the device
    Info (169086): Pin w_addr[0] not assigned to an exact location on the device
    Info (169086): Pin w_addr[1] not assigned to an exact location on the device
    Info (169086): Pin w_addr[2] not assigned to an exact location on the device
    Info (169086): Pin w_addr[3] not assigned to an exact location on the device
    Info (169086): Pin r_addr_b[1] not assigned to an exact location on the device
    Info (169086): Pin r_addr_b[0] not assigned to an exact location on the device
    Info (169086): Pin r_addr_b[3] not assigned to an exact location on the device
    Info (169086): Pin r_addr_b[2] not assigned to an exact location on the device
    Info (169086): Pin w_data[7] not assigned to an exact location on the device
    Info (169086): Pin clk not assigned to an exact location on the device
    Info (169086): Pin rst_n not assigned to an exact location on the device
    Info (169086): Pin w_data[6] not assigned to an exact location on the device
    Info (169086): Pin w_data[5] not assigned to an exact location on the device
    Info (169086): Pin w_data[4] not assigned to an exact location on the device
    Info (169086): Pin w_data[3] not assigned to an exact location on the device
    Info (169086): Pin w_data[2] not assigned to an exact location on the device
    Info (169086): Pin w_data[1] not assigned to an exact location on the device
    Info (169086): Pin w_data[0] not assigned to an exact location on the device
Critical Warning (332012): Synopsys Design Constraints File file not found: 'banco_de_registadores_top.sdc'. A Synopsys Design Constraints File is required by the TimeQuest Timing Analyzer to get proper timing constraints. Without it, the Compiler will not properly optimize the design.
Info (332144): No user constrained base clocks found in the design
Info (332143): No user constrained clock uncertainty found in the design. Calling "derive_clock_uncertainty"
Info (332154): The derive_clock_uncertainty command did not apply clock uncertainty to any clock-to-clock transfers.
Info (332130): Timing requirements not specified -- quality metrics such as performance may be sacrificed to reduce compilation time.
Info (176353): Automatically promoted node clk~input (placed in PIN M10 (CLK13, DIFFCLK_7n, REFCLK0n))
    Info (176355): Automatically promoted destinations to use location or clock signal Global Clock CLKCTRL_G17
Info (176353): Automatically promoted node rst_n~input (placed in PIN M9 (CLK12, DIFFCLK_7p, REFCLK0p))
    Info (176355): Automatically promoted destinations to use location or clock signal Global Clock CLKCTRL_G19
Info (176233): Starting register packing
Info (176235): Finished register packing
    Extra Info (176219): No registers were packed into other blocks
Info (176214): Statistics of I/O pins that need to be placed that use the same VCCIO and VREF, before I/O pin placement
    Info (176211): Number of I/O pins in group: 53 (unused VREF, 2.5V VCCIO, 21 input, 32 output, 0 bidirectional)
        Info (176212): I/O standards used: 2.5 V.
Info (176215): I/O bank details before I/O pin placement
    Info (176214): Statistics of I/O banks
        Info (176213): I/O bank number QL0 does not use VREF pins and has undetermined VCCIO pins. 0 total pin(s) used --  0 pins available
        Info (176213): I/O bank number 3 does not use VREF pins and has undetermined VCCIO pins. 1 total pin(s) used --  25 pins available
        Info (176213): I/O bank number 3A does not use VREF pins and has undetermined VCCIO pins. 2 total pin(s) used --  0 pins available
        Info (176213): I/O bank number 4 does not use VREF pins and has undetermined VCCIO pins. 0 total pin(s) used --  28 pins available
        Info (176213): I/O bank number 5 does not use VREF pins and has undetermined VCCIO pins. 0 total pin(s) used --  20 pins available
        Info (176213): I/O bank number 6 does not use VREF pins and has undetermined VCCIO pins. 0 total pin(s) used --  18 pins available
        Info (176213): I/O bank number 7 does not use VREF pins and has undetermined VCCIO pins. 0 total pin(s) used --  28 pins available
        Info (176213): I/O bank number 8A does not use VREF pins and has undetermined VCCIO pins. 0 total pin(s) used --  2 pins available
        Info (176213): I/O bank number 8 does not use VREF pins and has undetermined VCCIO pins. 0 total pin(s) used --  23 pins available
        Info (176213): I/O bank number 9 does not use VREF pins and has undetermined VCCIO pins. 4 total pin(s) used --  0 pins available
Info (171121): Fitter preparation operations ending: elapsed time is 00:00:01
Info (170189): Fitter placement preparation operations beginning
Info (170190): Fitter placement preparation operations ending: elapsed time is 00:00:00
Info (170191): Fitter placement operations beginning
Info (170137): Fitter placement was successful
Info (170192): Fitter placement operations ending: elapsed time is 00:00:00
Info (170193): Fitter routing operations beginning
Info (170195): Router estimated average interconnect usage is 0% of the available device resources
    Info (170196): Router estimated peak interconnect usage is 4% of the available device resources in the region that extends from location X26_Y21 to location X38_Y30
Info (170194): Fitter routing operations ending: elapsed time is 00:00:00
Info (170199): The Fitter performed an Auto Fit compilation.  Optimizations were skipped to reduce compilation time.
    Info (170201): Optimizations that may affect the design's routability were skipped
    Info (170200): Optimizations that may affect the design's timing were skipped
Info (11888): Total time spent on timing analysis during the Fitter is 0.11 seconds.
Info (334003): Started post-fitting delay annotation
Info (334004): Delay annotation completed successfully
Info (334003): Started post-fitting delay annotation
Info (334004): Delay annotation completed successfully
Info (11218): Fitter post-fit operations ending: elapsed time is 00:00:01
Warning (169177): 2 pins must meet Altera requirements for 3.3-, 3.0-, and 2.5-V interfaces. For more information, refer to AN 447: Interfacing Cyclone IV GX Devices with 3.3/3.0/2.5-V LVTTL/LVCMOS I/O Systems.
    Info (169178): Pin clk uses I/O standard 2.5 V at M10
    Info (169178): Pin rst_n uses I/O standard 2.5 V at M9
Info (144001): Generated suppressed messages file C:/altera/13.0sp1/Banco de Registradores/output_files/banco_de_registadores_top.fit.smsg
Info: Quartus II 64-Bit Fitter was successful. 0 errors, 6 warnings
    Info: Peak virtual memory: 5012 megabytes
    Info: Processing ended: Mon Aug 31 14:04:24 2026
    Info: Elapsed time: 00:00:06
    Info: Total CPU time (on all processors): 00:00:07


+----------------------------+
; Fitter Suppressed Messages ;
+----------------------------+
The suppressed messages can be found in C:/altera/13.0sp1/Banco de Registradores/output_files/banco_de_registadores_top.fit.smsg.


